StartDate,EndDate,Status,IPAddress,Progress,Duration (in seconds),Finished,RecordedDate,ResponseId,RecipientLastName,RecipientFirstName,RecipientEmail,ExternalReference,LocationLatitude,LocationLongitude,DistributionChannel,UserLanguage,Q3,Metadata_Browser,Metadata_Version,Metadata_Operating System,Metadata_Resolution,1_Q1,1_Q2_First Click,1_Q2_Last Click,1_Q2_Page Submit,1_Q2_Click Count,2_Q1,2_Q2_First Click,2_Q2_Last Click,2_Q2_Page Submit,2_Q2_Click Count,3_Q1,3_Q2_First Click,3_Q2_Last Click,3_Q2_Page Submit,3_Q2_Click Count,4_Q1,4_Q2_First Click,4_Q2_Last Click,4_Q2_Page Submit,4_Q2_Click Count,5_Q1,5_Q2_First Click,5_Q2_Last Click,5_Q2_Page Submit,5_Q2_Click Count,1_Main loop,1_Q51_First Click,1_Q51_Last Click,1_Q51_Page Submit,1_Q51_Click Count,2_Main loop,2_Q51_First Click,2_Q51_Last Click,2_Q51_Page Submit,2_Q51_Click Count,3_Main loop,3_Q51_First Click,3_Q51_Last Click,3_Q51_Page Submit,3_Q51_Click Count,4_Main loop,4_Q51_First Click,4_Q51_Last Click,4_Q51_Page Submit,4_Q51_Click Count,5_Main loop,5_Q51_First Click,5_Q51_Last Click,5_Q51_Page Submit,5_Q51_Click Count,6_Main loop,6_Q51_First Click,6_Q51_Last Click,6_Q51_Page Submit,6_Q51_Click Count,7_Main loop,7_Q51_First Click,7_Q51_Last Click,7_Q51_Page Submit,7_Q51_Click Count,8_Main loop,8_Q51_First Click,8_Q51_Last Click,8_Q51_Page Submit,8_Q51_Click Count,9_Main loop,9_Q51_First Click,9_Q51_Last Click,9_Q51_Page Submit,9_Q51_Click Count,13_Main loop,13_Q51_First Click,13_Q51_Last Click,13_Q51_Page Submit,13_Q51_Click Count,14_Main loop,14_Q51_First Click,14_Q51_Last Click,14_Q51_Page Submit,14_Q51_Click Count,15_Main loop,15_Q51_First Click,15_Q51_Last Click,15_Q51_Page Submit,15_Q51_Click Count,16_Main loop,16_Q51_First Click,16_Q51_Last Click,16_Q51_Page Submit,16_Q51_Click Count,17_Main loop,17_Q51_First Click,17_Q51_Last Click,17_Q51_Page Submit,17_Q51_Click Count,18_Main loop,18_Q51_First Click,18_Q51_Last Click,18_Q51_Page Submit,18_Q51_Click Count,19_Main loop,19_Q51_First Click,19_Q51_Last Click,19_Q51_Page Submit,19_Q51_Click Count,20_Main loop,20_Q51_First Click,20_Q51_Last Click,20_Q51_Page Submit,20_Q51_Click Count,21_Main loop,21_Q51_First Click,21_Q51_Last Click,21_Q51_Page Submit,21_Q51_Click Count,25_Main loop,25_Q51_First Click,25_Q51_Last Click,25_Q51_Page Submit,25_Q51_Click Count,26_Main loop,26_Q51_First Click,26_Q51_Last Click,26_Q51_Page Submit,26_Q51_Click Count,27_Main loop,27_Q51_First Click,27_Q51_Last Click,27_Q51_Page Submit,27_Q51_Click Count,28_Main loop,28_Q51_First Click,28_Q51_Last Click,28_Q51_Page Submit,28_Q51_Click Count,29_Main loop,29_Q51_First Click,29_Q51_Last Click,29_Q51_Page Submit,29_Q51_Click Count,30_Main loop,30_Q51_First Click,30_Q51_Last Click,30_Q51_Page Submit,30_Q51_Click Count,31_Main loop,31_Q51_First Click,31_Q51_Last Click,31_Q51_Page Submit,31_Q51_Click Count,32_Main loop,32_Q51_First Click,32_Q51_Last Click,32_Q51_Page Submit,32_Q51_Click Count,33_Main loop,33_Q51_First Click,33_Q51_Last Click,33_Q51_Page Submit,33_Q51_Click Count,37_Main loop,37_Q51_First Click,37_Q51_Last Click,37_Q51_Page Submit,37_Q51_Click Count,38_Main loop,38_Q51_First Click,38_Q51_Last Click,38_Q51_Page Submit,38_Q51_Click Count,39_Main loop,39_Q51_First Click,39_Q51_Last Click,39_Q51_Page Submit,39_Q51_Click Count,40_Main loop,40_Q51_First Click,40_Q51_Last Click,40_Q51_Page Submit,40_Q51_Click Count,41_Main loop,41_Q51_First Click,41_Q51_Last Click,41_Q51_Page Submit,41_Q51_Click Count,42_Main loop,42_Q51_First Click,42_Q51_Last Click,42_Q51_Page Submit,42_Q51_Click Count,43_Main loop,43_Q51_First Click,43_Q51_Last Click,43_Q51_Page Submit,43_Q51_Click Count,44_Main loop,44_Q51_First Click,44_Q51_Last Click,44_Q51_Page Submit,44_Q51_Click Count,45_Main loop,45_Q51_First Click,45_Q51_Last Click,45_Q51_Page Submit,45_Q51_Click Count,49_Main loop,49_Q51_First Click,49_Q51_Last Click,49_Q51_Page Submit,49_Q51_Click Count,50_Main loop,50_Q51_First Click,50_Q51_Last Click,50_Q51_Page Submit,50_Q51_Click Count,51_Main loop,51_Q51_First Click,51_Q51_Last Click,51_Q51_Page Submit,51_Q51_Click Count,52_Main loop,52_Q51_First Click,52_Q51_Last Click,52_Q51_Page Submit,52_Q51_Click Count,53_Main loop,53_Q51_First Click,53_Q51_Last Click,53_Q51_Page Submit,53_Q51_Click Count,54_Main loop,54_Q51_First Click,54_Q51_Last Click,54_Q51_Page Submit,54_Q51_Click Count,55_Main loop,55_Q51_First Click,55_Q51_Last Click,55_Q51_Page Submit,55_Q51_Click Count,56_Main loop,56_Q51_First Click,56_Q51_Last Click,56_Q51_Page Submit,56_Q51_Click Count,57_Main loop,57_Q51_First Click,57_Q51_Last Click,57_Q51_Page Submit,57_Q51_Click Count,Q8,Q12,Q13,Q57,Q14,Q20,Q15,__js_HISTORY,GRAPH_SIZE,__js_NUM_INCORRECT,__js_ANSWERS,__js_CONFIDENCES,__js_PREV_TRAIN_CORRECT,__js_LAST_CORRECT_RESPONSE,__js_TIME,Q_DataPolicyViolations
Start Date,End Date,Response Type,IP Address,Progress,Duration (in seconds),Finished,Recorded Date,Response ID,Recipient Last Name,Recipient First Name,Recipient Email,External Data Reference,Location Latitude,Location Longitude,Distribution Channel,User Language,Please enter your Prolific ID into the field below,Click to write the question text - Browser,Click to write the question text - Version,Click to write the question text - Operating System,Click to write the question text - Resolution,g6_l40_a - Which drawing do you prefer?,Timing - g6_l40_a - Timing - First Click,Timing - g6_l40_a - Timing - Last Click,Timing - g6_l40_a - Timing - Page Submit,Timing - g6_l40_a - Timing - Click Count,g6_l40_a - Which drawing do you prefer?,Timing - g6_l40_a - Timing - First Click,Timing - g6_l40_a - Timing - Last Click,Timing - g6_l40_a - Timing - Page Submit,Timing - g6_l40_a - Timing - Click Count,g6_l45_a - Which drawing do you prefer?,Timing - g6_l45_a - Timing - First Click,Timing - g6_l45_a - Timing - Last Click,Timing - g6_l45_a - Timing - Page Submit,Timing - g6_l45_a - Timing - Click Count,g6_l55_b - Which drawing do you prefer?,Timing - g6_l55_b - Timing - First Click,Timing - g6_l55_b - Timing - Last Click,Timing - g6_l55_b - Timing - Page Submit,Timing - g6_l55_b - Timing - Click Count,g6_l40_a - Which drawing do you prefer?,Timing - g6_l40_a - Timing - First Click,Timing - g6_l40_a - Timing - Last Click,Timing - g6_l40_a - Timing - Page Submit,Timing - g6_l40_a - Timing - Click Count,g1_l0 - Which drawing do you prefer?,Timing - g1_l0 - Timing - First Click,Timing - g1_l0 - Timing - Last Click,Timing - g1_l0 - Timing - Page Submit,Timing - g1_l0 - Timing - Click Count,g1_l05 - Which drawing do you prefer?,Timing - g1_l05 - Timing - First Click,Timing - g1_l05 - Timing - Last Click,Timing - g1_l05 - Timing - Page Submit,Timing - g1_l05 - Timing - Click Count,g1_l10 - Which drawing do you prefer?,Timing - g1_l10 - Timing - First Click,Timing - g1_l10 - Timing - Last Click,Timing - g1_l10 - Timing - Page Submit,Timing - g1_l10 - Timing - Click Count,g1_l15 - Which drawing do you prefer?,Timing - g1_l15 - Timing - First Click,Timing - g1_l15 - Timing - Last Click,Timing - g1_l15 - Timing - Page Submit,Timing - g1_l15 - Timing - Click Count,g1_l20 - Which drawing do you prefer?,Timing - g1_l20 - Timing - First Click,Timing - g1_l20 - Timing - Last Click,Timing - g1_l20 - Timing - Page Submit,Timing - g1_l20 - Timing - Click Count,g1_l25 - Which drawing do you prefer?,Timing - g1_l25 - Timing - First Click,Timing - g1_l25 - Timing - Last Click,Timing - g1_l25 - Timing - Page Submit,Timing - g1_l25 - Timing - Click Count,g1_l30 - Which drawing do you prefer?,Timing - g1_l30 - Timing - First Click,Timing - g1_l30 - Timing - Last Click,Timing - g1_l30 - Timing - Page Submit,Timing - g1_l30 - Timing - Click Count,g1_l35 - Which drawing do you prefer?,Timing - g1_l35 - Timing - First Click,Timing - g1_l35 - Timing - Last Click,Timing - g1_l35 - Timing - Page Submit,Timing - g1_l35 - Timing - Click Count,g1_l40 - Which drawing do you prefer?,Timing - g1_l40 - Timing - First Click,Timing - g1_l40 - Timing - Last Click,Timing - g1_l40 - Timing - Page Submit,Timing - g1_l40 - Timing - Click Count,g2_l0 - Which drawing do you prefer?,Timing - g2_l0 - Timing - First Click,Timing - g2_l0 - Timing - Last Click,Timing - g2_l0 - Timing - Page Submit,Timing - g2_l0 - Timing - Click Count,g2_l05 - Which drawing do you prefer?,Timing - g2_l05 - Timing - First Click,Timing - g2_l05 - Timing - Last Click,Timing - g2_l05 - Timing - Page Submit,Timing - g2_l05 - Timing - Click Count,g2_l10 - Which drawing do you prefer?,Timing - g2_l10 - Timing - First Click,Timing - g2_l10 - Timing - Last Click,Timing - g2_l10 - Timing - Page Submit,Timing - g2_l10 - Timing - Click Count,g2_l15 - Which drawing do you prefer?,Timing - g2_l15 - Timing - First Click,Timing - g2_l15 - Timing - Last Click,Timing - g2_l15 - Timing - Page Submit,Timing - g2_l15 - Timing - Click Count,g2_l20 - Which drawing do you prefer?,Timing - g2_l20 - Timing - First Click,Timing - g2_l20 - Timing - Last Click,Timing - g2_l20 - Timing - Page Submit,Timing - g2_l20 - Timing - Click Count,g2_l25 - Which drawing do you prefer?,Timing - g2_l25 - Timing - First Click,Timing - g2_l25 - Timing - Last Click,Timing - g2_l25 - Timing - Page Submit,Timing - g2_l25 - Timing - Click Count,g2_l30 - Which drawing do you prefer?,Timing - g2_l30 - Timing - First Click,Timing - g2_l30 - Timing - Last Click,Timing - g2_l30 - Timing - Page Submit,Timing - g2_l30 - Timing - Click Count,g2_l35 - Which drawing do you prefer?,Timing - g2_l35 - Timing - First Click,Timing - g2_l35 - Timing - Last Click,Timing - g2_l35 - Timing - Page Submit,Timing - g2_l35 - Timing - Click Count,g2_l40 - Which drawing do you prefer?,Timing - g2_l40 - Timing - First Click,Timing - g2_l40 - Timing - Last Click,Timing - g2_l40 - Timing - Page Submit,Timing - g2_l40 - Timing - Click Count,g3_l0 - Which drawing do you prefer?,Timing - g3_l0 - Timing - First Click,Timing - g3_l0 - Timing - Last Click,Timing - g3_l0 - Timing - Page Submit,Timing - g3_l0 - Timing - Click Count,g3_l05 - Which drawing do you prefer?,Timing - g3_l05 - Timing - First Click,Timing - g3_l05 - Timing - Last Click,Timing - g3_l05 - Timing - Page Submit,Timing - g3_l05 - Timing - Click Count,g3_l10 - Which drawing do you prefer?,Timing - g3_l10 - Timing - First Click,Timing - g3_l10 - Timing - Last Click,Timing - g3_l10 - Timing - Page Submit,Timing - g3_l10 - Timing - Click Count,g3_l15 - Which drawing do you prefer?,Timing - g3_l15 - Timing - First Click,Timing - g3_l15 - Timing - Last Click,Timing - g3_l15 - Timing - Page Submit,Timing - g3_l15 - Timing - Click Count,g3_l20 - Which drawing do you prefer?,Timing - g3_l20 - Timing - First Click,Timing - g3_l20 - Timing - Last Click,Timing - g3_l20 - Timing - Page Submit,Timing - g3_l20 - Timing - Click Count,g3_l25 - Which drawing do you prefer?,Timing - g3_l25 - Timing - First Click,Timing - g3_l25 - Timing - Last Click,Timing - g3_l25 - Timing - Page Submit,Timing - g3_l25 - Timing - Click Count,g3_l30 - Which drawing do you prefer?,Timing - g3_l30 - Timing - First Click,Timing - g3_l30 - Timing - Last Click,Timing - g3_l30 - Timing - Page Submit,Timing - g3_l30 - Timing - Click Count,g3_l35 - Which drawing do you prefer?,Timing - g3_l35 - Timing - First Click,Timing - g3_l35 - Timing - Last Click,Timing - g3_l35 - Timing - Page Submit,Timing - g3_l35 - Timing - Click Count,g3_l40 - Which drawing do you prefer?,Timing - g3_l40 - Timing - First Click,Timing - g3_l40 - Timing - Last Click,Timing - g3_l40 - Timing - Page Submit,Timing - g3_l40 - Timing - Click Count,g4_l0 - Which drawing do you prefer?,Timing - g4_l0 - Timing - First Click,Timing - g4_l0 - Timing - Last Click,Timing - g4_l0 - Timing - Page Submit,Timing - g4_l0 - Timing - Click Count,g4_l05 - Which drawing do you prefer?,Timing - g4_l05 - Timing - First Click,Timing - g4_l05 - Timing - Last Click,Timing - g4_l05 - Timing - Page Submit,Timing - g4_l05 - Timing - Click Count,g4_l10 - Which drawing do you prefer?,Timing - g4_l10 - Timing - First Click,Timing - g4_l10 - Timing - Last Click,Timing - g4_l10 - Timing - Page Submit,Timing - g4_l10 - Timing - Click Count,g4_l15 - Which drawing do you prefer?,Timing - g4_l15 - Timing - First Click,Timing - g4_l15 - Timing - Last Click,Timing - g4_l15 - Timing - Page Submit,Timing - g4_l15 - Timing - Click Count,g4_l20 - Which drawing do you prefer?,Timing - g4_l20 - Timing - First Click,Timing - g4_l20 - Timing - Last Click,Timing - g4_l20 - Timing - Page Submit,Timing - g4_l20 - Timing - Click Count,g4_l25 - Which drawing do you prefer?,Timing - g4_l25 - Timing - First Click,Timing - g4_l25 - Timing - Last Click,Timing - g4_l25 - Timing - Page Submit,Timing - g4_l25 - Timing - Click Count,g4_l30 - Which drawing do you prefer?,Timing - g4_l30 - Timing - First Click,Timing - g4_l30 - Timing - Last Click,Timing - g4_l30 - Timing - Page Submit,Timing - g4_l30 - Timing - Click Count,g4_l35 - Which drawing do you prefer?,Timing - g4_l35 - Timing - First Click,Timing - g4_l35 - Timing - Last Click,Timing - g4_l35 - Timing - Page Submit,Timing - g4_l35 - Timing - Click Count,g4_l40 - Which drawing do you prefer?,Timing - g4_l40 - Timing - First Click,Timing - g4_l40 - Timing - Last Click,Timing - g4_l40 - Timing - Page Submit,Timing - g4_l40 - Timing - Click Count,g5_l0 - Which drawing do you prefer?,Timing - g5_l0 - Timing - First Click,Timing - g5_l0 - Timing - Last Click,Timing - g5_l0 - Timing - Page Submit,Timing - g5_l0 - Timing - Click Count,g5_l05 - Which drawing do you prefer?,Timing - g5_l05 - Timing - First Click,Timing - g5_l05 - Timing - Last Click,Timing - g5_l05 - Timing - Page Submit,Timing - g5_l05 - Timing - Click Count,g5_l10 - Which drawing do you prefer?,Timing - g5_l10 - Timing - First Click,Timing - g5_l10 - Timing - Last Click,Timing - g5_l10 - Timing - Page Submit,Timing - g5_l10 - Timing - Click Count,g5_l15 - Which drawing do you prefer?,Timing - g5_l15 - Timing - First Click,Timing - g5_l15 - Timing - Last Click,Timing - g5_l15 - Timing - Page Submit,Timing - g5_l15 - Timing - Click Count,g5_l20 - Which drawing do you prefer?,Timing - g5_l20 - Timing - First Click,Timing - g5_l20 - Timing - Last Click,Timing - g5_l20 - Timing - Page Submit,Timing - g5_l20 - Timing - Click Count,g5_l25 - Which drawing do you prefer?,Timing - g5_l25 - Timing - First Click,Timing - g5_l25 - Timing - Last Click,Timing - g5_l25 - Timing - Page Submit,Timing - g5_l25 - Timing - Click Count,g5_l30 - Which drawing do you prefer?,Timing - g5_l30 - Timing - First Click,Timing - g5_l30 - Timing - Last Click,Timing - g5_l30 - Timing - Page Submit,Timing - g5_l30 - Timing - Click Count,g5_l35 - Which drawing do you prefer?,Timing - g5_l35 - Timing - First Click,Timing - g5_l35 - Timing - Last Click,Timing - g5_l35 - Timing - Page Submit,Timing - g5_l35 - Timing - Click Count,g5_l40 - Which drawing do you prefer?,Timing - g5_l40 - Timing - First Click,Timing - g5_l40 - Timing - Last Click,Timing - g5_l40 - Timing - Page Submit,Timing - g5_l40 - Timing - Click Count,Please indicate your gender,Please indicate your age,How familiar are you with seeing diagrams like these?,"Are you familiar with the concept of the ""stress"" of a network diagram?",Did you find this survey...,How did you feel about your preferences overall?,Please describe in your own words which visual aspects of the drawings affected your choice.,__js_HISTORY,GRAPH_SIZE,__js_NUM_INCORRECT,__js_ANSWERS,__js_CONFIDENCES,__js_PREV_TRAIN_CORRECT,__js_LAST_CORRECT_RESPONSE,__js_TIME,Q_DataPolicyViolations
"{""ImportId"":""startDate"",""timeZone"":""Australia/Sydney""}","{""ImportId"":""endDate"",""timeZone"":""Australia/Sydney""}","{""ImportId"":""status""}","{""ImportId"":""ipAddress""}","{""ImportId"":""progress""}","{""ImportId"":""duration""}","{""ImportId"":""finished""}","{""ImportId"":""recordedDate"",""timeZone"":""Australia/Sydney""}","{""ImportId"":""_recordId""}","{""ImportId"":""recipientLastName""}","{""ImportId"":""recipientFirstName""}","{""ImportId"":""recipientEmail""}","{""ImportId"":""externalDataReference""}","{""ImportId"":""locationLatitude""}","{""ImportId"":""locationLongitude""}","{""ImportId"":""distributionChannel""}","{""ImportId"":""userLanguage""}","{""ImportId"":""QID3_TEXT""}","{""ImportId"":""QID6_BROWSER""}","{""ImportId"":""QID6_VERSION""}","{""ImportId"":""QID6_OS""}","{""ImportId"":""QID6_RESOLUTION""}","{""ImportId"":""1_QID1217613253""}","{""ImportId"":""1_QID1217613254_FIRST_CLICK""}","{""ImportId"":""1_QID1217613254_LAST_CLICK""}","{""ImportId"":""1_QID1217613254_PAGE_SUBMIT""}","{""ImportId"":""1_QID1217613254_CLICK_COUNT""}","{""ImportId"":""2_QID1217613253""}","{""ImportId"":""2_QID1217613254_FIRST_CLICK""}","{""ImportId"":""2_QID1217613254_LAST_CLICK""}","{""ImportId"":""2_QID1217613254_PAGE_SUBMIT""}","{""ImportId"":""2_QID1217613254_CLICK_COUNT""}","{""ImportId"":""3_QID1217613253""}","{""ImportId"":""3_QID1217613254_FIRST_CLICK""}","{""ImportId"":""3_QID1217613254_LAST_CLICK""}","{""ImportId"":""3_QID1217613254_PAGE_SUBMIT""}","{""ImportId"":""3_QID1217613254_CLICK_COUNT""}","{""ImportId"":""4_QID1217613253""}","{""ImportId"":""4_QID1217613254_FIRST_CLICK""}","{""ImportId"":""4_QID1217613254_LAST_CLICK""}","{""ImportId"":""4_QID1217613254_PAGE_SUBMIT""}","{""ImportId"":""4_QID1217613254_CLICK_COUNT""}","{""ImportId"":""5_QID1217613253""}","{""ImportId"":""5_QID1217613254_FIRST_CLICK""}","{""ImportId"":""5_QID1217613254_LAST_CLICK""}","{""ImportId"":""5_QID1217613254_PAGE_SUBMIT""}","{""ImportId"":""5_QID1217613254_CLICK_COUNT""}","{""ImportId"":""1_QID1214266563""}","{""ImportId"":""1_QID61_FIRST_CLICK""}","{""ImportId"":""1_QID61_LAST_CLICK""}","{""ImportId"":""1_QID61_PAGE_SUBMIT""}","{""ImportId"":""1_QID61_CLICK_COUNT""}","{""ImportId"":""2_QID1214266563""}","{""ImportId"":""2_QID61_FIRST_CLICK""}","{""ImportId"":""2_QID61_LAST_CLICK""}","{""ImportId"":""2_QID61_PAGE_SUBMIT""}","{""ImportId"":""2_QID61_CLICK_COUNT""}","{""ImportId"":""3_QID1214266563""}","{""ImportId"":""3_QID61_FIRST_CLICK""}","{""ImportId"":""3_QID61_LAST_CLICK""}","{""ImportId"":""3_QID61_PAGE_SUBMIT""}","{""ImportId"":""3_QID61_CLICK_COUNT""}","{""ImportId"":""4_QID1214266563""}","{""ImportId"":""4_QID61_FIRST_CLICK""}","{""ImportId"":""4_QID61_LAST_CLICK""}","{""ImportId"":""4_QID61_PAGE_SUBMIT""}","{""ImportId"":""4_QID61_CLICK_COUNT""}","{""ImportId"":""5_QID1214266563""}","{""ImportId"":""5_QID61_FIRST_CLICK""}","{""ImportId"":""5_QID61_LAST_CLICK""}","{""ImportId"":""5_QID61_PAGE_SUBMIT""}","{""ImportId"":""5_QID61_CLICK_COUNT""}","{""ImportId"":""6_QID1214266563""}","{""ImportId"":""6_QID61_FIRST_CLICK""}","{""ImportId"":""6_QID61_LAST_CLICK""}","{""ImportId"":""6_QID61_PAGE_SUBMIT""}","{""ImportId"":""6_QID61_CLICK_COUNT""}","{""ImportId"":""7_QID1214266563""}","{""ImportId"":""7_QID61_FIRST_CLICK""}","{""ImportId"":""7_QID61_LAST_CLICK""}","{""ImportId"":""7_QID61_PAGE_SUBMIT""}","{""ImportId"":""7_QID61_CLICK_COUNT""}","{""ImportId"":""8_QID1214266563""}","{""ImportId"":""8_QID61_FIRST_CLICK""}","{""ImportId"":""8_QID61_LAST_CLICK""}","{""ImportId"":""8_QID61_PAGE_SUBMIT""}","{""ImportId"":""8_QID61_CLICK_COUNT""}","{""ImportId"":""9_QID1214266563""}","{""ImportId"":""9_QID61_FIRST_CLICK""}","{""ImportId"":""9_QID61_LAST_CLICK""}","{""ImportId"":""9_QID61_PAGE_SUBMIT""}","{""ImportId"":""9_QID61_CLICK_COUNT""}","{""ImportId"":""13_QID1214266563""}","{""ImportId"":""13_QID61_FIRST_CLICK""}","{""ImportId"":""13_QID61_LAST_CLICK""}","{""ImportId"":""13_QID61_PAGE_SUBMIT""}","{""ImportId"":""13_QID61_CLICK_COUNT""}","{""ImportId"":""14_QID1214266563""}","{""ImportId"":""14_QID61_FIRST_CLICK""}","{""ImportId"":""14_QID61_LAST_CLICK""}","{""ImportId"":""14_QID61_PAGE_SUBMIT""}","{""ImportId"":""14_QID61_CLICK_COUNT""}","{""ImportId"":""15_QID1214266563""}","{""ImportId"":""15_QID61_FIRST_CLICK""}","{""ImportId"":""15_QID61_LAST_CLICK""}","{""ImportId"":""15_QID61_PAGE_SUBMIT""}","{""ImportId"":""15_QID61_CLICK_COUNT""}","{""ImportId"":""16_QID1214266563""}","{""ImportId"":""16_QID61_FIRST_CLICK""}","{""ImportId"":""16_QID61_LAST_CLICK""}","{""ImportId"":""16_QID61_PAGE_SUBMIT""}","{""ImportId"":""16_QID61_CLICK_COUNT""}","{""ImportId"":""17_QID1214266563""}","{""ImportId"":""17_QID61_FIRST_CLICK""}","{""ImportId"":""17_QID61_LAST_CLICK""}","{""ImportId"":""17_QID61_PAGE_SUBMIT""}","{""ImportId"":""17_QID61_CLICK_COUNT""}","{""ImportId"":""18_QID1214266563""}","{""ImportId"":""18_QID61_FIRST_CLICK""}","{""ImportId"":""18_QID61_LAST_CLICK""}","{""ImportId"":""18_QID61_PAGE_SUBMIT""}","{""ImportId"":""18_QID61_CLICK_COUNT""}","{""ImportId"":""19_QID1214266563""}","{""ImportId"":""19_QID61_FIRST_CLICK""}","{""ImportId"":""19_QID61_LAST_CLICK""}","{""ImportId"":""19_QID61_PAGE_SUBMIT""}","{""ImportId"":""19_QID61_CLICK_COUNT""}","{""ImportId"":""20_QID1214266563""}","{""ImportId"":""20_QID61_FIRST_CLICK""}","{""ImportId"":""20_QID61_LAST_CLICK""}","{""ImportId"":""20_QID61_PAGE_SUBMIT""}","{""ImportId"":""20_QID61_CLICK_COUNT""}","{""ImportId"":""21_QID1214266563""}","{""ImportId"":""21_QID61_FIRST_CLICK""}","{""ImportId"":""21_QID61_LAST_CLICK""}","{""ImportId"":""21_QID61_PAGE_SUBMIT""}","{""ImportId"":""21_QID61_CLICK_COUNT""}","{""ImportId"":""25_QID1214266563""}","{""ImportId"":""25_QID61_FIRST_CLICK""}","{""ImportId"":""25_QID61_LAST_CLICK""}","{""ImportId"":""25_QID61_PAGE_SUBMIT""}","{""ImportId"":""25_QID61_CLICK_COUNT""}","{""ImportId"":""26_QID1214266563""}","{""ImportId"":""26_QID61_FIRST_CLICK""}","{""ImportId"":""26_QID61_LAST_CLICK""}","{""ImportId"":""26_QID61_PAGE_SUBMIT""}","{""ImportId"":""26_QID61_CLICK_COUNT""}","{""ImportId"":""27_QID1214266563""}","{""ImportId"":""27_QID61_FIRST_CLICK""}","{""ImportId"":""27_QID61_LAST_CLICK""}","{""ImportId"":""27_QID61_PAGE_SUBMIT""}","{""ImportId"":""27_QID61_CLICK_COUNT""}","{""ImportId"":""28_QID1214266563""}","{""ImportId"":""28_QID61_FIRST_CLICK""}","{""ImportId"":""28_QID61_LAST_CLICK""}","{""ImportId"":""28_QID61_PAGE_SUBMIT""}","{""ImportId"":""28_QID61_CLICK_COUNT""}","{""ImportId"":""29_QID1214266563""}","{""ImportId"":""29_QID61_FIRST_CLICK""}","{""ImportId"":""29_QID61_LAST_CLICK""}","{""ImportId"":""29_QID61_PAGE_SUBMIT""}","{""ImportId"":""29_QID61_CLICK_COUNT""}","{""ImportId"":""30_QID1214266563""}","{""ImportId"":""30_QID61_FIRST_CLICK""}","{""ImportId"":""30_QID61_LAST_CLICK""}","{""ImportId"":""30_QID61_PAGE_SUBMIT""}","{""ImportId"":""30_QID61_CLICK_COUNT""}","{""ImportId"":""31_QID1214266563""}","{""ImportId"":""31_QID61_FIRST_CLICK""}","{""ImportId"":""31_QID61_LAST_CLICK""}","{""ImportId"":""31_QID61_PAGE_SUBMIT""}","{""ImportId"":""31_QID61_CLICK_COUNT""}","{""ImportId"":""32_QID1214266563""}","{""ImportId"":""32_QID61_FIRST_CLICK""}","{""ImportId"":""32_QID61_LAST_CLICK""}","{""ImportId"":""32_QID61_PAGE_SUBMIT""}","{""ImportId"":""32_QID61_CLICK_COUNT""}","{""ImportId"":""33_QID1214266563""}","{""ImportId"":""33_QID61_FIRST_CLICK""}","{""ImportId"":""33_QID61_LAST_CLICK""}","{""ImportId"":""33_QID61_PAGE_SUBMIT""}","{""ImportId"":""33_QID61_CLICK_COUNT""}","{""ImportId"":""37_QID1214266563""}","{""ImportId"":""37_QID61_FIRST_CLICK""}","{""ImportId"":""37_QID61_LAST_CLICK""}","{""ImportId"":""37_QID61_PAGE_SUBMIT""}","{""ImportId"":""37_QID61_CLICK_COUNT""}","{""ImportId"":""38_QID1214266563""}","{""ImportId"":""38_QID61_FIRST_CLICK""}","{""ImportId"":""38_QID61_LAST_CLICK""}","{""ImportId"":""38_QID61_PAGE_SUBMIT""}","{""ImportId"":""38_QID61_CLICK_COUNT""}","{""ImportId"":""39_QID1214266563""}","{""ImportId"":""39_QID61_FIRST_CLICK""}","{""ImportId"":""39_QID61_LAST_CLICK""}","{""ImportId"":""39_QID61_PAGE_SUBMIT""}","{""ImportId"":""39_QID61_CLICK_COUNT""}","{""ImportId"":""40_QID1214266563""}","{""ImportId"":""40_QID61_FIRST_CLICK""}","{""ImportId"":""40_QID61_LAST_CLICK""}","{""ImportId"":""40_QID61_PAGE_SUBMIT""}","{""ImportId"":""40_QID61_CLICK_COUNT""}","{""ImportId"":""41_QID1214266563""}","{""ImportId"":""41_QID61_FIRST_CLICK""}","{""ImportId"":""41_QID61_LAST_CLICK""}","{""ImportId"":""41_QID61_PAGE_SUBMIT""}","{""ImportId"":""41_QID61_CLICK_COUNT""}","{""ImportId"":""42_QID1214266563""}","{""ImportId"":""42_QID61_FIRST_CLICK""}","{""ImportId"":""42_QID61_LAST_CLICK""}","{""ImportId"":""42_QID61_PAGE_SUBMIT""}","{""ImportId"":""42_QID61_CLICK_COUNT""}","{""ImportId"":""43_QID1214266563""}","{""ImportId"":""43_QID61_FIRST_CLICK""}","{""ImportId"":""43_QID61_LAST_CLICK""}","{""ImportId"":""43_QID61_PAGE_SUBMIT""}","{""ImportId"":""43_QID61_CLICK_COUNT""}","{""ImportId"":""44_QID1214266563""}","{""ImportId"":""44_QID61_FIRST_CLICK""}","{""ImportId"":""44_QID61_LAST_CLICK""}","{""ImportId"":""44_QID61_PAGE_SUBMIT""}","{""ImportId"":""44_QID61_CLICK_COUNT""}","{""ImportId"":""45_QID1214266563""}","{""ImportId"":""45_QID61_FIRST_CLICK""}","{""ImportId"":""45_QID61_LAST_CLICK""}","{""ImportId"":""45_QID61_PAGE_SUBMIT""}","{""ImportId"":""45_QID61_CLICK_COUNT""}","{""ImportId"":""49_QID1214266563""}","{""ImportId"":""49_QID61_FIRST_CLICK""}","{""ImportId"":""49_QID61_LAST_CLICK""}","{""ImportId"":""49_QID61_PAGE_SUBMIT""}","{""ImportId"":""49_QID61_CLICK_COUNT""}","{""ImportId"":""50_QID1214266563""}","{""ImportId"":""50_QID61_FIRST_CLICK""}","{""ImportId"":""50_QID61_LAST_CLICK""}","{""ImportId"":""50_QID61_PAGE_SUBMIT""}","{""ImportId"":""50_QID61_CLICK_COUNT""}","{""ImportId"":""51_QID1214266563""}","{""ImportId"":""51_QID61_FIRST_CLICK""}","{""ImportId"":""51_QID61_LAST_CLICK""}","{""ImportId"":""51_QID61_PAGE_SUBMIT""}","{""ImportId"":""51_QID61_CLICK_COUNT""}","{""ImportId"":""52_QID1214266563""}","{""ImportId"":""52_QID61_FIRST_CLICK""}","{""ImportId"":""52_QID61_LAST_CLICK""}","{""ImportId"":""52_QID61_PAGE_SUBMIT""}","{""ImportId"":""52_QID61_CLICK_COUNT""}","{""ImportId"":""53_QID1214266563""}","{""ImportId"":""53_QID61_FIRST_CLICK""}","{""ImportId"":""53_QID61_LAST_CLICK""}","{""ImportId"":""53_QID61_PAGE_SUBMIT""}","{""ImportId"":""53_QID61_CLICK_COUNT""}","{""ImportId"":""54_QID1214266563""}","{""ImportId"":""54_QID61_FIRST_CLICK""}","{""ImportId"":""54_QID61_LAST_CLICK""}","{""ImportId"":""54_QID61_PAGE_SUBMIT""}","{""ImportId"":""54_QID61_CLICK_COUNT""}","{""ImportId"":""55_QID1214266563""}","{""ImportId"":""55_QID61_FIRST_CLICK""}","{""ImportId"":""55_QID61_LAST_CLICK""}","{""ImportId"":""55_QID61_PAGE_SUBMIT""}","{""ImportId"":""55_QID61_CLICK_COUNT""}","{""ImportId"":""56_QID1214266563""}","{""ImportId"":""56_QID61_FIRST_CLICK""}","{""ImportId"":""56_QID61_LAST_CLICK""}","{""ImportId"":""56_QID61_PAGE_SUBMIT""}","{""ImportId"":""56_QID61_CLICK_COUNT""}","{""ImportId"":""57_QID1214266563""}","{""ImportId"":""57_QID61_FIRST_CLICK""}","{""ImportId"":""57_QID61_LAST_CLICK""}","{""ImportId"":""57_QID61_PAGE_SUBMIT""}","{""ImportId"":""57_QID61_CLICK_COUNT""}","{""ImportId"":""QID1214268100""}","{""ImportId"":""QID1214268101""}","{""ImportId"":""QID1214268102""}","{""ImportId"":""QID71""}","{""ImportId"":""QID1214268103""}","{""ImportId"":""QID1214268104""}","{""ImportId"":""QID1214268105_TEXT""}","{""ImportId"":""__js_HISTORY""}","{""ImportId"":""GRAPH_SIZE""}","{""ImportId"":""__js_NUM_INCORRECT""}","{""ImportId"":""__js_ANSWERS""}","{""ImportId"":""__js_CONFIDENCES""}","{""ImportId"":""__js_PREV_TRAIN_CORRECT""}","{""ImportId"":""__js_LAST_CORRECT_RESPONSE""}","{""ImportId"":""__js_TIME""}","{""ImportId"":""Q_DataPolicyViolations""}"
2024-10-24 16:23:10,2024-10-24 16:31:00,0,211.30.69.184,100,469,1,2024-10-24 16:31:01,R_4l06UVocoJphuXG,,,,,-27.4719,153.0196,anonymous,EN,5c68037e4ecdae0001d8b480,,,,,2,10.027,10.862,10.864,3,2,5.414,7.666,7.668,2,2,6.38,6.972,6.974,2,2,8.139,8.943,8.944,3,1,3.492,15.965,15.966,3,2,5.335,6.119,6.121,2,2,1.832,2.624,2.626,2,1,1.852,2.706,2.707,3,2,3.377,4.239,4.24,2,1,3.723,4.847,4.849,3,1,1.427,2.138,2.139,2,1,1.64,2.405,2.406,3,1,2.44,4.098,4.099,5,1,3.004,4.086,4.088,2,1,2.065,5.151,5.152,4,2,1.796,2.651,2.652,3,2,2.887,3.819,3.821,2,1,2.36,3.132,3.133,2,2,2.05,3.002,3.003,2,1,6.935,7.477,7.479,2,1,1.694,2.478,2.479,3,1,7.023,7.615,7.616,2,1,3.827,4.499,4.5,2,2,1.39,2.453,2.454,3,2,1.535,2.27,2.272,3,2,2.22,2.602,2.603,2,1,2.363,10.065,10.066,2,2,4.977,5.789,5.791,2,1,1.988,3.271,3.272,2,2,1.463,2.637,2.638,3,2,2.626,4.163,4.164,4,1,10.21,11.184,11.185,3,1,3.614,4.428,4.429,3,2,8.427,9.258,9.26,2,1,1.56,6.056,6.057,3,2,3.627,4.451,4.452,3,1,1.925,6.691,6.692,4,2,1.594,2.908,2.909,3,1,1.841,3.104,3.105,2,2,2.717,3.551,3.552,3,1,9.342,10.084,10.085,2,1,1.862,4.565,4.566,6,1,6.351,6.923,6.924,2,2,14.483,15.765,15.766,2,1,1.626,2.88,2.881,3,1,1.453,3.484,3.485,6,1,4.511,7.074,7.076,2,2,8.831,9.324,9.325,2,2,1.998,5.322,5.323,3,2,9.351,10.293,10.294,2,1,2,3,3,2,3,How easy lines were to follow,"g4_l40_c,g4_l45_b;g5_l70_a,g5_l65_c;g2_l50_c,g2_l60_b;g5_l50_b,g5_l80_a;g2_l50_b,g2_l70_c;g1_l55_a,g1_l55_c;g2_l40_b,g2_l75_a;g4_l80_c,g4_l40_b;g4_l40_c,g4_l40_b;g3_l45_c,g3_l60_a;g4_l60_c,g4_l40_a;g2_l40_c,g2_l80_b;g3_l55_b,g3_l75_c;g5_l40_a,g5_l50_c;g5_l70_a,g5_l45_b;g3_l70_c,g3_l45_b;g1_l50_a,g1_l55_c;g3_l80_a,g3_l45_b;g1_l70_a,g1_l55_b;g2_l40_b,g2_l55_a;g2_l75_c,g2_l70_a;g4_l65_a,g4_l50_b;g5_l75_c,g5_l40_b;g2_l70_c,g2_l45_a;g3_l80_c,g3_l40_b;g5_l40_c,g5_l80_b;g4_l75_c,g4_l45_a;g2_l50_c,g2_l50_a;g1_l80_b,g1_l50_c;g5_l60_c,g5_l60_a;g5_l55_a,g5_l70_b;g2_l40_a,g2_l70_b;g1_l40_a,g1_l75_c;g1_l55_c,g1_l65_a;g1_l70_a,g1_l45_b;g4_l55_b,g4_l45_a;g4_l70_c,g4_l45_a;g3_l50_b,g3_l60_c;g1_l80_b,g1_l40_a;g5_l50_c,g5_l70_a;g3_l50_c,g3_l55_b;g3_l50_c,g3_l50_b;g1_l45_c,g1_l65_a;g4_l40_c,g4_l75_a;g3_l50_c,g3_l80_a;",10,5,2;1;2;2;2;2;1;1;1;1;1;1;2;2;1;1;2;2;2;1;2;2;2;1;1;2;1;1;1;1;1;1;1;1;1;1;2;2;1;1;2;2;1;2;2;,,0,3,9.26;6.925;3.821;9.326;3.004;6.12;7.617;10.086;4.43;10.066;6.692;4.501;5.791;15.766;7.076;3.273;2.626;4.164;4.24;3.133;2.652;4.452;5.324;7.48;11.186;10.295;3.106;5.153;2.407;4.567;2.882;2.48;4.1;2.708;2.14;6.058;2.909;2.604;4.088;3.486;2.272;2.454;4.849;3.553;2.639;,
2024-10-24 16:23:35,2024-10-24 16:31:00,0,128.250.0.103,100,444,1,2024-10-24 16:31:01,R_4pQp0f6jBLdzbE1,,,,,-37.8159,144.9669,anonymous,EN,5c5fd4ac52115f0001910a1f,,,,,2,6.139,8.314,8.319,2,2,3.993,4.729,4.73,2,2,2.939,5.13,5.134,2,2,2.051,3.275,3.28,2,2,2.722,3.418,3.422,2,2,3.333,4.063,4.066,2,1,5.888,6.533,6.536,2,2,1.916,2.7,2.704,2,1,3.312,3.952,3.955,2,1,1.334,3.271,3.274,3,1,1.416,2.094,2.096,2,1,2.76,3.57,3.574,2,2,1.608,2.489,2.493,2,1,1.994,2.691,2.695,2,1,2.687,3.899,3.902,2,1,11.142,13.758,13.759,2,2,6.207,6.959,6.965,2,1,2.455,3.127,3.131,2,1,1.628,2.348,2.351,2,1,1.906,2.565,2.568,2,1,4.617,5.369,5.372,2,2,3.584,4.357,4.361,2,1,19.867,20.599,20.603,2,1,3.887,5.414,5.418,3,2,1.687,2.84,2.845,3,2,2.103,2.951,2.955,3,2,1.596,2.286,2.289,2,2,5.573,6.325,6.33,2,1,1.442,2.282,2.286,2,2,1.552,2.161,2.165,2,1,1.493,2.158,2.161,2,2,2.686,3.301,3.305,2,2,7.694,8.503,8.507,2,2,3.841,4.977,4.981,3,2,2.083,2.745,2.748,2,2,2.223,4.111,4.114,3,2,15.712,16.592,16.595,2,2,1.272,2.48,2.484,3,1,1.411,2.513,2.517,2,1,1.267,1.876,1.879,2,1,1.904,3.424,3.428,2,2,3.611,4.212,4.217,2,2,5.322,5.946,5.95,2,1,3.881,6.049,6.053,2,2,4.893,6.046,6.049,3,1,2.123,3.805,3.808,3,1,1.906,2.634,2.637,2,1,2.051,2.726,2.729,2,1,1.445,2.013,2.017,2,1,4.646,5.606,5.607,2,2,3,3,3,3,2,"Visual aspects that impacted my choice included legibility and visibility - by which I mean ease of seeing the different connections. This often correlated to larger diagrams, as they had more space and were easier visually to decipher. (I'm not sure if this is using the term correctly, but it seemed less ""stressful"" to me to do so.) These drawings with more space between lines and circles were easier and more pleasant for me to interact with, so I generally chose those.","g4_l80_b,g4_l40_a;g4_l40_c,g4_l40_b;g5_l40_b,g5_l45_a;g3_l40_b,g3_l60_a;g2_l75_c,g2_l65_a;g1_l80_c,g1_l50_b;g3_l80_b,g3_l80_a;g5_l70_a,g5_l45_b;g2_l60_a,g2_l45_c;g5_l60_b,g5_l70_c;g3_l50_c,g3_l60_a;g2_l60_b,g2_l65_c;g3_l40_b,g3_l80_c;g1_l70_b,g1_l70_c;g5_l70_c,g5_l40_a;g1_l40_a,g1_l75_b;g1_l80_a,g1_l75_b;g1_l80_c,g1_l40_b;g1_l65_c,g1_l75_a;g3_l40_b,g3_l70_c;g5_l45_b,g5_l45_c;g1_l75_a,g1_l50_b;g4_l65_a,g4_l70_c;g5_l55_a,g5_l70_c;g4_l60_a,g4_l45_c;g3_l80_b,g3_l55_a;g2_l65_a,g2_l40_b;g5_l65_a,g5_l45_c;g5_l80_c,g5_l45_a;g2_l45_b,g2_l80_c;g2_l75_a,g2_l75_b;g2_l80_b,g2_l50_c;g1_l65_c,g1_l45_b;g2_l80_a,g2_l40_c;g4_l80_b,g4_l45_c;g4_l50_b,g4_l70_a;g3_l50_a,g3_l65_b;g3_l75_a,g3_l40_c;g4_l50_b,g4_l75_c;g3_l70_c,g3_l75_b;g4_l50_c,g4_l60_a;g4_l70_a,g4_l40_b;g2_l80_b,g2_l60_c;g1_l80_a,g1_l65_c;g5_l80_c,g5_l40_a;",10,5,1;2;2;2;2;1;1;1;1;1;2;1;2;2;1;2;1;1;2;2;2;1;2;2;2;1;1;1;1;2;1;1;1;1;1;2;2;1;2;2;2;1;1;1;1;,,0,3,3.43;8.508;5.952;6.333;6.966;3.576;5.419;2.639;3.133;6.055;2.958;13.762;3.307;4.068;2.732;2.496;6.538;2.7;2.707;2.167;4.219;2.099;4.984;6.051;4.116;2.288;2.57;3.81;2.019;4.362;3.904;5.374;3.277;20.605;1.882;16.597;2.292;2.163;2.486;2.848;2.752;2.519;2.353;3.957;5.611;,
2024-10-29 15:08:30,2024-10-29 15:14:01,0,86.20.92.39,100,331,1,2024-10-29 15:14:02,R_2BWaayhC1gGMymV,,,,,51.3688,-0.4853,anonymous,EN,6713ebfc8436cca1db9bde81,,,,,2,3.954,5.664,5.666,2,2,1.766,4.194,4.196,2,2,2.713,3.745,3.746,2,2,5.676,6.737,6.739,2,2,7.987,10.44,10.441,4,2,1.057,2.643,2.645,3,1,6.023,6.863,6.864,2,1,1.476,2.982,2.984,2,1,3.354,5.858,5.859,2,2,1.559,2.781,2.782,2,2,1.658,2.524,2.525,2,2,1.3,2.069,2.07,2,1,2.077,3.107,3.108,2,2,1.567,2.596,2.598,2,2,0.874,1.886,1.887,2,1,1.989,2.929,2.93,2,1,4.215,5.391,5.392,2,2,1.403,3.025,3.026,3,1,2.045,3.174,3.175,2,2,4.69,5.856,5.857,2,1,1.857,2.906,2.907,2,2,1.176,2.013,2.014,2,2,1.359,2.642,2.643,2,2,1.318,2.19,2.191,2,1,4.316,7.195,7.197,3,1,1.477,2.31,2.311,2,2,1.154,1.909,1.91,2,1,1.633,2.561,2.562,2,2,1.534,2.441,2.442,2,2,1.6,2.733,2.734,2,2,1.606,2.43,2.431,2,1,2.789,5.166,5.167,2,1,1.075,1.99,1.991,2,2,1.795,2.847,2.848,2,2,1.343,2.257,2.259,2,1,1.666,2.502,2.503,2,2,1.249,2.078,2.079,2,2,1.145,2.066,2.069,2,2,1.613,2.946,2.948,2,1,1.437,2.403,2.404,2,2,1.891,2.903,2.904,2,1,1.142,1.991,1.993,2,2,4.608,5.573,5.574,2,2,1.751,2.52,2.521,2,2,1.519,3.207,3.208,4,2,1.372,2.243,2.244,2,2,1.022,1.775,1.775,2,2,1.721,2.619,2.621,2,2,1.198,2.026,2.027,2,1,1.588,2.309,2.31,2,2,2,2,3,3,3,"1. I prefer a drawing with larger distances between nodes. 
2. I prefer a drawing with arcs separated with each other. ","g2_l70_a,g2_l50_b;g1_l75_a,g1_l40_b;g3_l60_c,g3_l65_b;g3_l40_b,g3_l75_c;g3_l80_a,g3_l40_b;g2_l65_b,g2_l55_a;g1_l65_a,g1_l70_b;g1_l55_c,g1_l40_a;g3_l70_b,g3_l50_c;g2_l80_b,g2_l55_c;g5_l55_a,g5_l60_c;g4_l70_a,g4_l65_b;g4_l40_b,g4_l80_a;g4_l50_b,g4_l80_a;g3_l40_a,g3_l70_c;g5_l40_a,g5_l70_c;g1_l65_b,g1_l40_a;g4_l75_a,g4_l50_c;g2_l60_a,g2_l45_c;g2_l70_a,g2_l65_b;g4_l55_b,g4_l45_a;g1_l45_c,g1_l65_a;g4_l75_b,g4_l40_a;g2_l75_b,g2_l45_c;g4_l70_b,g4_l55_c;g1_l40_c,g1_l80_a;g1_l60_c,g1_l50_b;g3_l60_a,g3_l60_c;g2_l80_b,g2_l40_a;g5_l70_a,g5_l60_b;g5_l80_b,g5_l40_a;g3_l45_b,g3_l55_a;g4_l60_c,g4_l80_b;g5_l40_c,g5_l40_a;g5_l45_b,g5_l80_c;g4_l60_a,g4_l60_c;g5_l50_c,g5_l75_a;g2_l40_c,g2_l40_a;g1_l60_c,g1_l60_a;g3_l65_c,g3_l40_a;g5_l50_b,g5_l65_a;g3_l60_a,g3_l45_b;g5_l45_a,g5_l65_c;g2_l45_a,g2_l80_b;g1_l40_c,g1_l70_a;",10,5,1;1;1;2;1;1;1;1;1;2;2;2;2;2;2;2;2;2;2;1;2;2;1;1;1;2;1;2;2;2;1;1;2;1;2;1;2;2;2;2;2;2;2;2;2;,,0,3,3.176;3.109;7.196;2.432;5.169;5.393;6.865;5.86;2.563;5.859;5.575;2.849;2.905;2.949;2.736;2.62;2.525;2.07;3.027;2.93;2.259;2.783;2.405;2.907;2.503;2.599;2.985;2.192;2.643;2.522;2.31;2.312;2.078;1.993;2.028;1.992;1.775;1.888;2.646;2.443;3.209;1.911;2.245;2.015;2.07;,
2024-10-29 15:06:14,2024-10-29 15:14:11,0,1.152.110.213,100,476,1,2024-10-29 15:14:12,R_4CKNClZZwRheyde,,,,,-37.8159,144.9669,anonymous,EN,654b1ff28c0214e793afb8aa,,,,,2,5.374,6.918,6.921,2,2,2.257,4.377,4.379,2,2,3.065,4.08,4.083,2,2,2.874,4.674,4.677,2,2,4.629,5.829,5.831,2,2,5.103,6.767,6.769,2,1,2.192,3.344,3.347,2,1,1.631,2.631,2.633,2,2,3.592,4.688,4.69,2,1,2.791,3.839,3.841,2,2,12.57,14.203,14.205,3,1,1.962,2.81,2.812,2,1,4.216,36.2,36.203,3,1,2.299,3.419,3.422,2,2,3.559,6.719,6.721,3,2,4.238,4.926,4.928,2,2,5.141,6.077,6.08,2,2,2.941,3.605,3.607,2,1,2.156,3.02,3.022,2,2,1.843,2.739,2.741,2,2,1.931,3.011,3.013,2,2,1.76,3.04,3.042,2,1,2.004,3.268,3.27,2,1,2.157,3.429,3.431,2,2,2.121,3.057,3.059,2,2,8.395,9.548,9.55,2,1,5.669,6.653,6.655,2,1,5.362,6.33,6.332,2,2,1.997,2.877,2.879,2,1,2.424,3.264,3.266,2,2,2.276,3.772,3.774,2,2,2.084,2.757,2.759,2,1,4.969,6.001,6.003,2,2,2.382,3.389,3.392,2,1,3.137,4.049,4.051,2,2,4.575,5.767,5.769,2,2,4.772,5.676,5.678,2,2,1.727,2.351,2.353,2,1,8.117,9.829,9.832,2,1,2.32,3.84,3.842,2,1,2.058,3.106,3.108,2,1,4.353,5.409,5.412,2,1,2.215,3.888,3.89,2,1,2.17,3.042,3.044,2,1,5.023,6.135,6.138,2,2,4.28,5.144,5.146,2,2,2.207,3.151,3.154,2,2,2.968,3.928,3.93,2,2,1.723,2.859,2.862,2,2,8.451,9.395,9.402,3,2,5,4,4,3,3,"Overall shape - preference for a larger, more rounded shape.

Distance between dots - preference for greater distance
Number of connections coming off each dot - preference for fewer.","g3_l40_b,g3_l50_c;g5_l55_c,g5_l50_b;g1_l70_c,g1_l45_b;g5_l60_c,g5_l45_a;g2_l45_b,g2_l50_c;g2_l50_a,g2_l60_c;g5_l40_b,g5_l80_c;g1_l80_c,g1_l60_a;g4_l40_c,g4_l70_a;g2_l40_b,g2_l75_a;g2_l80_c,g2_l40_b;g2_l50_c,g2_l65_b;g3_l45_b,g3_l65_c;g3_l40_c,g3_l80_b;g4_l70_c,g4_l75_b;g1_l45_b,g1_l80_a;g5_l50_c,g5_l70_b;g1_l45_b,g1_l40_a;g1_l40_a,g1_l55_b;g4_l80_c,g4_l80_a;g1_l80_a,g1_l40_c;g4_l75_c,g4_l40_a;g5_l80_b,g5_l70_c;g3_l45_a,g3_l80_c;g2_l45_c,g2_l45_a;g3_l70_b,g3_l40_c;g2_l80_a,g2_l60_b;g4_l80_c,g4_l40_a;g4_l75_a,g4_l65_c;g5_l50_a,g5_l75_c;g2_l45_b,g2_l75_a;g1_l40_a,g1_l40_b;g5_l45_c,g5_l75_a;g4_l40_a,g4_l65_c;g1_l75_b,g1_l45_a;g5_l55_b,g5_l55_a;g2_l50_a,g2_l75_b;g3_l65_c,g3_l70_b;g3_l55_b,g3_l40_c;g3_l75_b,g3_l75_a;g3_l55_c,g3_l80_b;g4_l55_b,g4_l40_a;g5_l45_c,g5_l80_b;g1_l80_a,g1_l70_b;g4_l50_a,g4_l70_b;",10,5,2;1;2;1;2;2;2;1;1;2;1;2;1;2;2;1;2;1;2;1;1;1;1;2;2;1;1;1;1;2;2;2;2;2;1;1;2;2;1;1;2;2;2;1;2;,,0,3,9.55;3.89;14.206;6.139;4.929;6.08;9.403;3.843;9.832;3.043;3.27;3.607;6.332;2.76;3.392;36.203;5.147;3.347;4.692;6.004;3.423;3.844;3.045;3.775;6.723;3.267;3.024;3.109;4.052;3.155;3.014;6.771;3.931;2.354;2.813;5.412;2.742;3.059;6.657;3.432;2.88;5.77;2.862;2.634;5.679;,
2024-10-29 15:06:13,2024-10-29 15:15:03,0,86.5.203.142,100,529,1,2024-10-29 15:15:03,R_21nQC28Ni2IIXRE,,,,,53.4994,-2.2433,anonymous,EN,6716f62222dd9611d940d8ba,,,,,2,15.938,17.396,17.402,2,2,4.972,6.748,6.753,2,2,3.466,5.323,5.328,2,2,4.521,6.203,6.208,2,1,3.166,5.103,5.106,2,1,1.364,2.584,2.591,2,2,1.231,2.3,2.317,2,2,1.007,2.309,2.326,2,1,4.547,7.618,7.623,3,1,2.488,3.29,3.305,2,1,10.9,12.45,12.455,2,1,1.18,2.082,2.099,2,1,1.629,2.481,2.491,2,2,0.986,1.699,1.716,2,1,1.947,2.701,2.716,2,2,5.661,6.843,6.859,2,2,1.351,4.625,4.638,3,1,7.285,8.89,8.894,2,1,1.836,3.78,3.795,2,1,1.097,1.96,1.976,2,1,1.79,2.915,2.928,2,1,1.124,1.96,1.972,2,2,0.906,3.238,3.246,2,2,2.775,5.038,5.042,2,2,1.807,3.051,3.058,2,1,2.02,5.205,5.211,5,2,1.447,3.685,3.69,3,2,1.237,2.021,2.037,2,1,3.243,5.011,5.016,2,2,1.627,3.353,3.373,2,2,1.616,3.817,3.834,2,2,0.999,2.365,2.383,2,2,14.799,15.709,15.725,2,2,1.506,2.432,2.448,2,2,5.225,7.72,7.723,3,2,1.091,2.26,2.274,2,2,0.997,1.786,1.802,2,2,1.442,2.301,2.316,2,2,1.026,1.813,1.833,2,1,1.153,1.963,1.974,2,1,2.149,3.035,3.052,2,1,3.631,5.372,5.376,2,1,1.196,3.978,3.993,5,2,1.216,2.003,2.018,2,1,2.834,5.323,5.327,3,1,1.719,3.126,3.139,3,1,1.128,1.974,1.984,2,2,1.867,2.85,2.867,2,2,1.327,2.183,2.195,2,1,1.519,2.392,2.408,2,2,2,2,2,3,1,"My choice was base on clear diagram, once I could I identify their traces.","g3_l45_a,g3_l45_c;g2_l55_b,g2_l40_a;g1_l65_a,g1_l40_c;g5_l60_b,g5_l60_a;g3_l80_b,g3_l55_c;g4_l55_b,g4_l45_a;g5_l60_c,g5_l75_a;g1_l55_b,g1_l40_a;g2_l45_a,g2_l40_c;g4_l80_b,g4_l40_c;g5_l80_b,g5_l40_c;g1_l65_b,g1_l45_c;g2_l80_c,g2_l80_b;g4_l75_a,g4_l80_b;g1_l80_a,g1_l45_b;g4_l50_a,g4_l75_b;g2_l75_b,g2_l45_c;g3_l60_c,g3_l70_a;g1_l50_c,g1_l50_b;g2_l50_a,g2_l60_c;g2_l65_a,g2_l45_b;g5_l40_b,g5_l70_c;g2_l75_a,g2_l40_c;g5_l40_a,g5_l75_c;g3_l50_b,g3_l65_c;g5_l50_b,g5_l60_c;g3_l40_a,g3_l60_c;g5_l75_a,g5_l70_c;g3_l75_b,g3_l45_c;g1_l70_a,g1_l75_b;g4_l65_a,g4_l65_b;g3_l45_b,g3_l80_a;g5_l75_a,g5_l55_b;g1_l40_b,g1_l50_c;g3_l40_c,g3_l80_b;g2_l40_b,g2_l80_c;g4_l75_a,g4_l40_c;g4_l55_b,g4_l75_a;g5_l65_b,g5_l40_a;g3_l70_c,g3_l75_a;g1_l75_c,g1_l45_b;g2_l65_c,g2_l40_b;g1_l40_c,g1_l80_b;g4_l50_b,g4_l80_c;g4_l45_c,g4_l60_a;",10,5,2;1;1;1;1;2;1;1;2;1;1;1;1;2;1;2;1;1;1;2;1;2;1;2;2;2;2;1;2;2;2;2;1;2;2;2;1;2;1;2;1;1;2;2;2;,,0,3,5.046;8.899;12.458;5.382;5.021;7.729;5.332;7.626;6.862;3.053;2.409;3.307;2.717;2.451;2.496;2.319;2.928;5.213;2.593;4.639;3.799;2.869;1.974;2.198;3.692;2.02;2.04;3.993;3.377;2.317;15.729;3.838;3.139;2.328;2.386;3.25;1.979;1.806;1.986;3.064;2.1;1.979;1.719;1.833;2.275;,
2024-10-29 15:03:39,2024-10-29 15:18:04,0,90.194.156.13,100,865,1,2024-10-29 15:18:05,R_2rpTUpPH2sRshi1,,,,,53.4802,-2.1867,anonymous,EN,671ce60976cfcdecff4bb015,,,,,2,17.395,20.097,20.113,2,2,8.023,10.59,10.599,2,2,6.215,9.024,9.031,2,2,18.048,20.632,20.641,2,2,10.278,12.832,12.841,2,1,4.013,6.381,6.387,2,2,4.355,6.487,6.494,2,2,5.258,7.425,7.43,2,1,5.157,7.333,7.339,2,2,4.297,6.573,6.578,2,2,3.808,6.1,6.105,2,2,3.62,6.668,6.673,2,1,3.3,6.649,6.654,2,1,3.437,5.825,5.831,2,1,10.492,13.478,13.484,2,2,3.761,6.734,6.741,2,2,3.42,5.226,5.233,2,1,4.326,7.797,7.805,2,1,2.974,5.559,5.565,3,1,3.191,6.375,6.381,2,2,3.703,5.616,5.621,2,1,2.914,5.025,5.031,2,2,7.574,10.144,10.16,2,2,4.284,6.49,6.496,2,2,3,5.475,5.481,2,2,4.361,6.305,6.311,2,1,3.584,5.859,5.864,2,1,9.418,12.443,12.449,2,2,3.327,5.711,5.718,2,1,2.788,5.102,5.107,3,2,4.69,6.92,6.926,2,2,4.696,6.604,6.609,2,2,5.538,7.646,7.653,2,2,4.786,9.392,9.397,4,2,8.529,10.945,10.95,3,2,6.078,9.699,9.707,2,2,5.598,7.426,7.435,2,2,4.497,7.129,7.135,2,1,4.616,7.061,7.072,2,2,3.101,5.771,5.776,2,1,3.259,6.053,6.058,2,2,4.523,6.267,6.272,2,1,6.152,8.43,8.437,2,1,3.788,5.928,5.933,2,1,3.423,6.063,6.071,2,1,2.906,5.545,5.549,2,2,5.471,7.554,7.56,2,1,7.132,9.592,9.599,3,1,6.337,8.629,8.633,2,2,2.592,5.239,5.247,2,2,2,1,1,4,3,line style and thickness.,"g2_l55_a,g2_l55_b;g4_l70_b,g4_l60_c;g5_l75_b,g5_l45_c;g2_l55_b,g2_l40_c;g2_l65_c,g2_l70_b;g3_l40_c,g3_l75_a;g3_l75_c,g3_l55_b;g4_l80_a,g4_l50_b;g2_l50_b,g2_l80_c;g3_l65_c,g3_l65_b;g5_l45_b,g5_l70_a;g2_l40_a,g2_l80_c;g2_l70_c,g2_l45_b;g5_l40_c,g5_l50_a;g5_l75_c,g5_l55_a;g1_l55_b,g1_l40_a;g5_l55_a,g5_l40_c;g2_l50_c,g2_l60_a;g2_l80_c,g2_l45_a;g2_l70_a,g2_l50_b;g3_l40_c,g3_l80_a;g1_l70_a,g1_l75_c;g5_l65_a,g5_l70_c;g1_l50_c,g1_l50_b;g1_l40_a,g1_l60_c;g4_l55_b,g4_l75_c;g3_l50_c,g3_l75_a;g3_l40_c,g3_l45_a;g1_l80_b,g1_l40_c;g4_l55_b,g4_l80_c;g4_l40_a,g4_l75_b;g5_l40_a,g5_l80_b;g4_l50_a,g4_l55_c;g1_l55_a,g1_l65_c;g3_l70_b,g3_l80_c;g1_l45_b,g1_l75_c;g1_l40_b,g1_l65_c;g3_l55_c,g3_l40_b;g4_l75_b,g4_l75_a;g5_l45_a,g5_l45_c;g4_l80_c,g4_l40_b;g1_l80_c,g1_l45_a;g5_l45_c,g5_l80_a;g3_l70_c,g3_l40_b;g4_l50_b,g4_l65_c;",10,5,1;2;1;1;2;2;1;1;2;2;2;2;1;1;1;1;1;2;1;1;2;2;1;1;2;2;2;2;1;2;2;2;2;2;2;2;2;1;2;2;1;1;1;1;2;,,0,3,13.487;10.954;9.601;7.811;6.743;6.929;12.455;7.075;5.624;6.503;7.564;10.159;6.383;5.935;5.552;7.346;6.073;5.238;5.035;5.571;6.652;6.496;8.441;6.389;6.582;7.437;5.72;5.483;5.834;7.137;5.778;5.251;9.399;7.434;6.314;6.675;6.111;5.867;7.661;6.277;6.062;6.658;8.639;5.109;9.709;,
2024-10-29 15:08:27,2024-10-29 15:18:16,0,180.150.112.44,100,589,1,2024-10-29 15:18:17,R_4kS3GyX9lJ7gizv,,,,,-34.9051,138.5629,anonymous,EN,6677a4d0dcaa63af2cec980f,,,,,1,18.866,20.337,20.34,2,1,7.441,8.493,8.496,2,1,7.084,8.166,8.169,2,1,4.018,5.128,5.13,2,1,5.995,7.029,7.032,2,2,5.531,6.241,6.242,2,2,1.893,3.979,3.98,3,1,5.11,5.879,5.881,2,1,3.081,6.024,6.027,2,1,10.284,11.318,11.321,2,2,1.554,2.483,2.485,2,1,5.734,7.79,7.793,2,1,1.435,2.26,2.262,2,1,3.426,4.558,4.56,2,2,1.968,2.911,2.913,2,2,1.922,2.827,2.829,2,2,1.58,2.412,2.415,2,1,2.088,2.881,2.883,2,1,1.839,2.737,2.739,2,1,7.582,8.66,8.663,2,1,2.083,4.609,4.611,3,1,1.556,2.535,2.537,2,1,20.645,22.02,22.023,2,1,6.042,6.834,6.836,2,1,1.918,3.033,3.035,2,1,1.776,2.805,2.807,2,1,7.067,9.114,9.117,2,2,2.173,3.63,3.632,2,1,8.089,9.075,9.078,2,2,11.383,12.499,12.501,2,2,1.162,1.894,1.896,2,1,2.371,3.294,3.296,2,1,1.347,2.373,2.375,2,2,1.569,2.691,2.693,2,2,1.721,2.664,2.666,2,1,7.505,9.357,9.359,2,2,1.199,3.902,3.903,3,2,2.227,3.626,3.629,2,2,1.932,2.919,2.921,2,1,1.784,2.819,2.821,2,2,1.779,4.109,4.111,2,1,2.689,4.583,4.586,2,2,2.307,3.178,3.18,2,2,1.92,5.265,5.268,3,1,1.757,2.781,2.783,2,1,1.343,2.741,2.743,3,1,1.715,2.839,2.842,2,2,5.604,6.504,6.506,2,2,1.135,2.121,2.123,2,1,1.999,3.008,3.011,2,1,2,2,3,3,2,I found myself preferring the pattern that looks more multidimensional. Multidimensional scaling appears more structured and provides more information about the connections between the nodes and the distances among them.,"g1_l45_a,g1_l65_b;g3_l45_c,g3_l70_b;g2_l55_c,g2_l80_a;g2_l40_c,g2_l80_b;g3_l75_b,g3_l45_c;g3_l50_a,g3_l65_c;g1_l50_a,g1_l80_b;g4_l65_c,g4_l40_b;g5_l40_c,g5_l80_a;g3_l70_b,g3_l50_c;g1_l55_c,g1_l65_b;g4_l80_c,g4_l40_b;g3_l65_b,g3_l65_a;g5_l55_c,g5_l80_b;g2_l40_c,g2_l60_b;g2_l65_a,g2_l60_b;g1_l60_c,g1_l45_b;g3_l65_b,g3_l75_c;g5_l60_c,g5_l60_b;g3_l60_b,g3_l65_a;g4_l75_c,g4_l45_b;g1_l40_b,g1_l80_c;g1_l60_a,g1_l60_c;g5_l75_b,g5_l45_c;g2_l70_c,g2_l40_a;g5_l55_a,g5_l70_b;g4_l40_c,g4_l75_b;g4_l50_a,g4_l65_b;g5_l55_b,g5_l60_c;g1_l75_a,g1_l70_b;g2_l55_a,g2_l70_b;g3_l40_c,g3_l80_a;g2_l60_c,g2_l60_b;g5_l40_c,g5_l50_b;g1_l70_b,g1_l45_a;g1_l40_b,g1_l75_c;g4_l45_a,g4_l55_b;g2_l50_c,g2_l60_b;g5_l80_b,g5_l45_a;g4_l45_a,g4_l65_b;g4_l45_a,g4_l50_c;g5_l55_b,g5_l75_a;g3_l75_b,g3_l40_a;g4_l40_c,g4_l40_a;g2_l40_c,g2_l75_b;",10,5,1;1;1;1;2;1;1;2;1;2;1;2;1;1;1;2;1;1;1;1;2;1;2;2;1;1;1;1;2;2;1;1;2;2;2;1;2;2;2;2;2;1;2;1;1;,,0,3,11.322;9.081;8.664;22.025;12.503;9.118;7.794;3.631;3.013;3.634;5.882;4.112;6.837;2.844;2.742;2.83;6.028;2.808;4.587;3.038;2.923;4.562;6.243;6.508;4.615;2.785;2.823;9.361;3.183;3.982;2.885;3.298;2.914;5.269;2.486;2.264;2.667;2.416;2.125;3.908;2.695;2.747;1.899;2.377;2.539;,
2024-10-29 15:14:43,2024-10-29 15:19:16,0,2.27.108.143,100,272,1,2024-10-29 15:19:18,R_2NIgeqf7hItn0t7,,,,,50.6781,-1.2441,anonymous,EN,5ea9c57990b83d0f9b246749,,,,,2,7.093,11.865,11.868,2,2,1.452,6.637,6.641,2,2,3.756,4.949,4.952,2,2,2.693,3.572,3.575,2,1,3.425,4.296,4.3,2,2,1.694,3.741,3.743,2,2,2.089,3.331,3.336,2,2,2.89,3.777,3.781,2,2,1.488,2.537,2.539,2,1,1.38,2.323,2.325,2,2,1.409,2.085,2.087,2,1,1.857,3.259,3.26,3,1,1.137,1.79,1.794,2,2,1.521,2.344,2.345,2,1,1.331,2.644,2.646,2,2,2.512,6.108,6.111,2,1,1.755,5.207,5.209,4,1,1.238,3.273,3.276,4,1,0.817,1.873,1.875,2,2,1.301,2.052,2.055,2,1,1.584,2.317,2.32,2,2,1.949,2.716,2.719,2,1,1.737,5.817,5.822,5,1,2.759,4.105,4.109,2,1,1.854,4.679,4.682,2,1,1.343,2.55,2.553,2,2,2.102,4.255,4.257,4,2,3.361,7.714,7.716,4,2,1.589,2.722,2.723,2,1,0.98,1.672,1.673,2,1,1.042,2.017,2.02,2,2,1.839,2.742,2.745,2,2,2.062,3.141,3.143,2,2,1.864,3.277,3.28,3,1,2.234,4.251,4.255,3,1,1.561,4.059,4.063,2,2,4.517,5.83,5.832,2,1,1.087,1.949,1.951,2,2,1.467,2.103,2.106,2,2,1.935,2.621,2.624,2,2,1.74,2.305,2.307,2,2,1.404,2.395,2.399,2,2,7.368,8.198,8.202,2,1,1.513,2.633,2.635,2,2,1.308,2.827,2.828,2,1,2.134,2.894,2.897,2,2,1.756,4.35,4.355,3,2,1.113,1.961,1.964,2,1,1.491,2.194,2.198,2,2,1.669,2.687,2.69,2,2,2,2,2,3,3,"I chose drawings that were more organised, had more space between links or had distinctive patterns.","g5_l65_b,g5_l70_a;g4_l40_c,g4_l60_b;g3_l55_c,g3_l75_a;g4_l40_b,g4_l50_a;g2_l45_c,g2_l80_a;g4_l60_b,g4_l45_c;g3_l65_a,g3_l65_b;g3_l50_c,g3_l75_b;g3_l80_a,g3_l65_b;g2_l60_b,g2_l65_c;g2_l40_a,g2_l80_c;g1_l65_c,g1_l80_a;g4_l45_a,g4_l80_c;g3_l70_b,g3_l75_a;g4_l60_b,g4_l60_a;g1_l65_c,g1_l65_a;g2_l65_a,g2_l55_c;g5_l75_c,g5_l40_a;g1_l60_c,g1_l55_a;g5_l75_b,g5_l65_c;g4_l45_b,g4_l75_a;g1_l80_b,g1_l60_a;g5_l40_b,g5_l80_a;g2_l65_a,g2_l65_c;g1_l40_c,g1_l65_a;g4_l80_c,g4_l55_a;g2_l45_b,g2_l70_c;g2_l45_b,g2_l60_a;g4_l40_a,g4_l80_b;g5_l60_b,g5_l60_c;g2_l75_a,g2_l45_b;g1_l55_a,g1_l65_b;g3_l75_a,g3_l40_c;g4_l60_c,g4_l55_a;g1_l40_c,g1_l80_b;g2_l80_a,g2_l60_b;g5_l50_c,g5_l75_a;g1_l80_c,g1_l45_a;g3_l70_b,g3_l60_c;g5_l80_b,g5_l60_a;g1_l75_a,g1_l45_c;g5_l50_b,g5_l65_a;g3_l75_c,g3_l45_a;g5_l40_b,g5_l70_a;g3_l40_a,g3_l80_c;",10,5,2;2;2;1;2;1;1;2;2;2;1;2;2;1;2;2;1;1;2;1;2;1;2;1;2;1;2;1;2;2;1;2;1;2;2;1;2;1;1;1;1;2;1;2;2;,,0,3,8.202;5.832;7.717;4.256;2.719;4.063;4.11;2.724;4.257;6.111;5.823;2.54;2.626;4.685;3.145;3.745;5.212;2.198;3.336;2.636;2.107;2.326;2.691;2.648;2.088;1.952;2.056;3.276;2.308;2.399;2.321;3.781;2.02;3.28;2.346;1.876;4.354;1.794;2.553;2.898;3.261;2.829;1.674;1.965;2.746;,
2024-10-29 15:05:45,2024-10-29 15:23:49,0,81.97.211.233,100,1083,1,2024-10-29 15:23:49,R_8GW79ISCAWxBEcZ,,,,,52.7995,-1.6455,anonymous,EN,671288c039754e8b27a55cc4,,,,,2,11.346,15.25,15.261,2,2,7.503,9.399,9.407,2,2,9.161,11.649,11.658,2,1,7.463,9.143,9.15,2,2,4.657,6.417,6.43,2,2,3.604,5.524,5.532,2,1,3.41,4.794,4.8,2,1,5.175,6.839,6.844,2,1,3.234,4.714,4.721,2,1,2.779,4.34,4.346,2,2,5.4,8.176,8.181,2,1,3.48,5.351,5.357,2,1,5.122,6.354,6.361,2,2,1.909,3.612,3.621,2,1,4.395,5.963,5.972,2,2,5.567,7.087,7.095,2,1,3.503,5.031,5.039,2,1,4.488,6.129,6.139,2,2,6.627,10.187,10.196,2,2,4.772,6.636,6.644,2,1,3.084,5.676,5.683,2,1,4.785,6.209,6.215,2,2,2.653,4.341,4.347,2,1,4.887,7.487,7.494,2,1,2.714,4.282,4.291,2,2,3.654,6.302,6.307,2,1,1.9,3.772,3.778,2,1,3.202,4.851,4.858,2,1,3.179,4.426,4.432,2,1,3.58,5.1,5.109,2,1,3.697,5.345,5.352,2,1,3.942,5.334,5.341,2,1,5.332,8.812,8.818,2,2,4.045,5.541,5.55,2,1,3.037,4.413,4.421,2,2,10.866,12.931,12.937,2,2,3.98,5.828,5.835,2,1,3.283,4.923,4.933,2,1,4.558,7.276,7.29,2,2,3.452,4.692,4.697,2,2,6.019,7.795,7.801,2,2,2.619,4.011,4.016,2,2,3.625,5.394,5.4,2,1,4.646,6.022,6.03,2,2,3.169,4.873,4.879,2,2,3.454,5.414,5.421,2,1,3.508,5.797,5.805,2,2,4.646,5.918,5.924,2,1,4.275,7.667,7.677,2,2,2.574,3.758,3.764,2,2,2,1,1,4,1,System Integration Diagrams: Illustrate interactions between systems and components.,"g1_l65_b,g1_l75_a;g2_l45_b,g2_l70_c;g2_l80_a,g2_l45_b;g4_l75_b,g4_l45_c;g2_l60_c,g2_l80_b;g3_l75_c,g3_l75_a;g1_l70_b,g1_l40_c;g4_l70_c,g4_l75_b;g2_l55_b,g2_l40_a;g5_l40_a,g5_l75_b;g5_l70_b,g5_l65_c;g3_l75_a,g3_l45_c;g2_l65_b,g2_l55_a;g5_l60_a,g5_l50_b;g2_l75_b,g2_l45_c;g5_l40_c,g5_l70_a;g4_l80_b,g4_l80_c;g3_l60_c,g3_l75_a;g5_l60_c,g5_l75_b;g5_l70_a,g5_l45_b;g3_l80_b,g3_l45_c;g4_l75_b,g4_l40_c;g5_l50_a,g5_l70_c;g2_l40_a,g2_l40_b;g4_l55_c,g4_l75_a;g3_l70_b,g3_l45_a;g3_l80_a,g3_l60_c;g5_l65_c,g5_l65_b;g1_l70_c,g1_l55_a;g4_l40_a,g4_l50_c;g1_l50_a,g1_l50_c;g2_l40_a,g2_l80_c;g3_l80_b,g3_l40_a;g5_l40_a,g5_l80_b;g2_l60_b,g2_l65_c;g1_l40_a,g1_l75_c;g1_l65_c,g1_l40_b;g4_l55_b,g4_l40_a;g1_l75_b,g1_l55_a;g4_l40_c,g4_l80_a;g4_l40_a,g4_l65_c;g3_l70_b,g3_l80_a;g1_l40_a,g1_l45_c;g1_l40_c,g1_l80_a;g3_l75_c,g3_l80_a;",10,5,1;2;1;1;2;1;1;2;1;1;2;1;1;1;1;2;1;1;2;1;1;2;2;1;2;1;1;2;1;1;2;2;1;2;2;1;2;2;1;2;1;2;1;2;1;,,0,3,6.851;6.651;6.221;7.301;10.2;7.5;5.365;5.558;6.147;7.686;5.405;5.116;5.042;6.036;5.691;5.931;8.825;3.787;4.885;5.811;5.359;4.704;5.428;5.979;5.841;4.439;4.863;4.024;4.728;4.425;5.541;4.353;5.344;3.774;7.101;6.368;8.187;12.942;4.355;7.806;4.939;6.315;4.808;3.627;4.298;,
2024-10-29 15:14:35,2024-10-29 15:25:27,0,94.195.20.236,100,651,1,2024-10-29 15:25:28,R_28P77iHJhlC1nHD,,,,,51.5977,0.5313,anonymous,EN,,,,,,2,9.624,10.507,10.517,2,2,5.668,6.368,6.376,2,2,6.458,7.091,7.1,2,1,6.118,6.884,6.891,2,2,3.668,4.435,4.445,2,1,2.328,2.794,2.8,2,2,3.645,4.475,4.484,2,1,4.818,6.068,6.077,2,2,2.58,5.092,5.099,3,1,2.523,3.039,3.046,2,1,3.779,4.395,4.402,2,1,36.619,37.319,37.326,2,1,2.921,3.469,3.477,2,1,1.893,3.123,3.13,2,2,3.421,4.336,4.343,2,2,3.861,4.879,4.885,2,1,1.763,3.74,3.747,2,2,2.794,3.295,3.304,2,1,5.492,6.108,6.116,2,1,3.877,7.209,7.217,2,2,3.69,6.892,6.9,3,1,4.265,5.099,5.106,2,2,4.357,5.387,5.396,2,1,3.541,5.442,5.45,2,1,2.549,2.997,3.004,2,1,2.726,3.391,3.398,2,2,1.532,2.198,2.206,2,1,3.434,4.135,4.141,2,1,3.589,4.223,4.229,2,1,2.085,2.501,2.509,2,2,2.686,3.402,3.409,2,2,2.773,4.424,4.431,2,2,3.284,3.8,3.807,2,1,3.298,3.966,3.973,2,2,3.348,3.932,3.938,2,2,19.948,20.915,20.922,2,1,4.397,5.196,5.202,2,2,2.651,3.131,3.137,2,1,5.315,5.764,5.771,2,2,8.787,9.463,9.472,2,2,3.67,4.271,4.279,2,1,3.12,3.569,3.575,2,1,3.839,4.624,4.63,2,1,3.392,4.742,4.75,2,1,2.266,2.781,2.787,2,2,4.892,5.542,5.548,2,1,4.25,5.542,5.548,2,1,2.83,3.28,3.286,2,1,2.927,3.66,3.667,2,1,1.709,2.492,2.499,2,1,2,2,3,3,1,"The visual aspect of drawing that affected my choice where the plain drawings ,loved the unique ones, the diagrams and links been twisted in between was cool.","g1_l40_c,g1_l50_a;g2_l80_b,g2_l40_c;g4_l75_b,g4_l40_c;g2_l65_a,g2_l40_b;g1_l40_c,g1_l65_a;g5_l70_a,g5_l60_c;g2_l70_b,g2_l50_a;g4_l80_b,g4_l40_c;g4_l55_a,g4_l65_b;g2_l60_c,g2_l60_a;g2_l80_a,g2_l45_c;g2_l50_a,g2_l65_b;g3_l45_c,g3_l45_b;g2_l70_b,g2_l60_c;g4_l60_b,g4_l55_c;g1_l75_b,g1_l60_a;g3_l75_b,g3_l55_c;g1_l60_b,g1_l60_c;g4_l60_b,g4_l40_a;g5_l55_c,g5_l80_b;g5_l40_a,g5_l75_b;g5_l80_c,g5_l60_b;g4_l50_a,g4_l80_b;g5_l65_c,g5_l65_b;g2_l50_c,g2_l45_b;g5_l40_a,g5_l80_c;g3_l65_b,g3_l40_c;g3_l75_b,g3_l40_a;g3_l40_c,g3_l50_b;g4_l50_a,g4_l65_c;g1_l45_a,g1_l75_b;g4_l50_a,g4_l50_c;g3_l70_c,g3_l40_a;g1_l60_b,g1_l80_c;g5_l60_a,g5_l65_b;g1_l75_a,g1_l80_b;g3_l55_c,g3_l40_b;g3_l40_b,g3_l80_c;g1_l40_b,g1_l80_a;g1_l40_c,g1_l75_b;g5_l75_c,g5_l45_b;g3_l65_b,g3_l70_a;g2_l40_a,g2_l70_c;g5_l65_b,g5_l50_c;g4_l75_c,g4_l50_a;",10,5,1;2;2;1;1;1;1;2;2;2;1;2;1;1;1;2;1;1;1;1;1;2;1;1;2;1;1;2;1;2;1;2;1;1;1;2;2;2;1;1;1;1;2;1;2;,,0,3,6.078;5.397;9.473;7.217;4.404;4.752;6.116;4.28;3.94;4.344;5.106;3.305;5.452;3.749;3.974;5.099;4.144;2.802;5.203;5.55;3.669;5.549;5.773;3.58;4.888;2.5;4.232;3.41;3.401;20.926;37.331;3.81;2.512;3.052;4.632;4.488;2.209;4.431;3.132;3.478;3.287;3.006;6.903;2.788;3.14;,
2024-10-29 15:18:04,2024-10-29 15:26:17,0,119.15.77.0,100,492,1,2024-10-29 15:26:18,R_40BGNWfiMjLhu2L,,,,,-34.9281,138.5999,anonymous,EN,6393d513f384430fd68acec7,,,,,2,6.549,8.753,8.756,2,2,6.305,10.409,10.411,2,2,4.025,6.326,6.328,2,2,6.911,9.438,9.44,3,1,10.33,11.834,11.837,2,2,3.551,5.405,5.407,2,2,4.235,6.378,6.382,2,2,1.728,3.006,3.009,2,2,6.27,7.644,7.646,2,1,4.631,5.549,5.551,2,2,3.163,4.08,4.082,2,1,1.589,5.35,5.352,2,1,3.069,5.037,5.039,2,2,2.365,4.787,4.789,3,1,3.322,5.091,5.093,2,1,2.85,4.68,4.683,3,1,5.024,6.209,6.211,2,1,4.461,5.43,5.432,2,2,6.925,8.202,8.204,2,2,1.124,2.587,2.589,3,2,10.967,12.202,12.204,2,1,2.567,3.617,3.62,2,1,1.651,2.84,2.843,2,1,3.743,5.239,5.241,2,2,1.729,2.666,2.669,2,1,5.912,7.477,7.479,2,2,5.671,6.615,6.617,2,2,2.193,3.331,3.333,2,1,4.274,5.28,5.281,2,2,1.59,2.666,2.668,2,2,2.887,3.814,3.816,2,1,1.592,2.607,2.609,2,2,9.665,11.565,11.567,3,2,8.937,13.994,13.996,3,1,9.86,10.927,10.929,2,1,3.498,6.079,6.081,3,2,8.991,10.758,10.76,2,2,2.755,4.05,4.052,2,2,3.322,4.382,4.386,2,2,3.555,5.269,5.272,2,1,2.494,5.11,5.112,3,1,4.752,14.308,14.312,3,1,5.81,7.295,7.298,2,1,4.064,23.201,23.203,3,2,2.078,4.021,4.023,2,1,1.624,2.77,2.771,2,2,3.078,4.067,4.069,2,2,3.006,4.451,4.452,2,2,2.604,3.777,3.779,2,2,3.539,4.781,4.783,2,2,5,2,4,3,2,Clutter of the diagram and the ambiguity of lines that overlapped were key determinants as to whether a diagram was preferred. Some diagrams were confusing as the lines crossed other lines too much or followed similar pathways.,"g3_l70_b,g3_l70_c;g5_l40_a,g5_l80_c;g3_l65_b,g3_l55_c;g2_l50_c,g2_l70_b;g4_l55_c,g4_l80_b;g5_l70_b,g5_l70_c;g1_l60_c,g1_l60_a;g5_l45_b,g5_l75_a;g4_l40_b,g4_l50_c;g4_l50_a,g4_l70_c;g1_l55_b,g1_l50_c;g4_l40_a,g4_l40_c;g1_l55_c,g1_l80_a;g3_l40_a,g3_l45_b;g2_l80_a,g2_l40_b;g5_l40_b,g5_l75_c;g5_l45_a,g5_l70_b;g3_l40_c,g3_l70_b;g1_l70_c,g1_l80_a;g5_l60_a,g5_l50_c;g1_l80_a,g1_l45_c;g5_l75_b,g5_l70_a;g2_l50_c,g2_l60_b;g4_l60_a,g4_l45_b;g1_l75_a,g1_l45_b;g3_l45_b,g3_l80_c;g2_l70_c,g2_l70_a;g4_l40_a,g4_l70_b;g3_l55_a,g3_l75_b;g4_l65_a,g4_l60_c;g3_l70_b,g3_l45_a;g2_l70_b,g2_l65_c;g3_l40_c,g3_l55_b;g5_l80_c,g5_l60_b;g2_l65_c,g2_l80_b;g2_l40_b,g2_l70_a;g4_l40_c,g4_l75_b;g2_l80_a,g2_l45_b;g4_l80_b,g4_l40_c;g1_l60_c,g1_l40_b;g1_l40_a,g1_l80_c;g3_l80_b,g3_l40_a;g5_l55_c,g5_l40_b;g2_l55_c,g2_l80_b;g1_l55_a,g1_l70_b;",10,5,1;2;1;2;2;1;2;2;1;2;2;2;2;2;1;2;2;2;2;1;1;1;1;1;1;2;1;2;2;2;1;1;2;1;1;2;2;1;1;1;2;1;2;2;2;,,0,3,5.243;4.785;7.48;8.205;4.052;14.312;5.409;4.453;10.929;10.761;6.382;11.569;4.082;2.67;2.843;3.781;4.069;2.668;3.01;23.204;5.04;7.298;6.213;6.082;5.353;3.817;5.094;4.386;3.334;13.998;5.282;4.684;6.618;2.773;5.434;12.204;5.273;3.622;5.112;5.552;4.79;2.61;4.023;2.591;7.647;,
2024-10-29 15:26:39,2024-10-29 15:33:21,0,86.29.69.154,100,401,1,2024-10-29 15:33:21,R_8kzIrZQC1KfViQ9,,,,,51.3263,-0.3439,anonymous,EN,60a3304ffb8cf482f8d11b6f,,,,,2,4.446,7.853,7.855,2,2,1.291,2.065,2.067,2,2,1.783,3.232,3.234,2,1,2.417,4.175,4.177,2,2,2.102,2.776,2.777,2,2,2.074,3.026,3.028,2,2,1.263,5.803,5.805,2,1,2.925,3.849,3.85,2,1,2.51,3.595,3.597,2,1,3.72,4.481,4.483,2,1,1.794,3.271,3.273,2,2,1.263,1.934,1.935,2,2,1.345,2.262,2.264,2,1,2.002,3.395,3.397,2,2,1.681,3.591,3.592,2,1,1.95,5.042,5.043,3,1,3.669,4.475,4.476,2,2,6.942,7.944,7.945,2,2,2.506,6.115,6.116,3,1,2.642,3.764,3.766,2,2,1.726,3.261,3.262,4,1,6.922,7.864,7.865,2,2,3.284,8.458,8.459,2,1,2.82,4.09,4.092,2,1,2.192,3.216,3.218,3,2,1.874,4.582,4.586,4,2,3.037,3.588,3.589,2,2,2.027,4.307,4.309,2,2,1.558,3.006,3.007,2,1,1.996,2.783,2.784,2,1,3.126,3.89,3.89,2,1,1.545,2.3,2.301,2,2,2.251,2.987,2.988,2,2,3.958,4.685,4.686,2,2,3.544,4.222,4.223,2,1,1.141,2.091,2.094,2,2,2.038,2.792,2.794,2,1,1.605,3.19,3.192,2,2,1.667,7.823,7.825,4,2,1.972,3.737,3.738,2,2,2.211,4.185,4.186,3,1,2.664,3.858,3.86,2,1,3.086,4.43,4.431,3,2,1.97,2.887,2.888,2,2,2.156,2.842,2.843,2,2,1.537,2.134,2.136,2,1,1.353,2.085,2.085,2,1,2.414,3.312,3.314,2,2,1.338,1.995,1.997,2,2,2.351,3.286,3.287,2,2,2,4,4,4,5,"I preferred the ones that somewhat resembled actual objects. If neither looked like actual objects, I would pick the one that was easiest to read as a map, like the friendship group example shown at the beginning of the study","g1_l80_c,g1_l40_b;g3_l50_c,g3_l70_b;g5_l70_a,g5_l40_c;g1_l40_b,g1_l75_a;g4_l45_c,g4_l75_b;g5_l50_b,g5_l50_a;g5_l40_a,g5_l75_c;g4_l65_a,g4_l50_b;g1_l45_b,g1_l75_a;g1_l50_a,g1_l55_b;g2_l40_b,g2_l80_c;g1_l75_c,g1_l55_b;g1_l65_a,g1_l55_c;g2_l80_c,g2_l45_a;g2_l75_a,g2_l50_b;g2_l60_c,g2_l70_a;g2_l50_a,g2_l50_c;g4_l75_c,g4_l50_a;g3_l75_c,g3_l45_a;g3_l45_c,g3_l45_a;g5_l65_c,g5_l75_a;g2_l75_c,g2_l55_a;g2_l40_c,g2_l55_b;g4_l70_c,g4_l70_b;g4_l50_a,g4_l45_b;g5_l65_a,g5_l40_c;g4_l40_c,g4_l80_b;g3_l80_a,g3_l40_b;g5_l50_c,g5_l65_a;g3_l40_b,g3_l50_a;g2_l50_a,g2_l55_c;g5_l40_c,g5_l60_b;g1_l65_b,g1_l40_a;g2_l40_b,g2_l70_c;g3_l40_c,g3_l55_b;g5_l40_a,g5_l80_c;g4_l60_b,g4_l70_c;g3_l65_b,g3_l60_a;g3_l40_a,g3_l75_b;g5_l70_a,g5_l65_c;g1_l65_a,g1_l80_c;g1_l55_b,g1_l55_c;g4_l75_b,g4_l40_c;g4_l50_a,g4_l70_c;g3_l50_a,g3_l75_b;",10,5,1;2;1;2;2;1;2;1;2;2;2;1;1;1;1;1;2;1;1;1;2;2;2;2;2;1;2;1;2;2;1;2;1;2;2;2;2;1;1;1;1;2;2;2;2;,,0,3,3.398;4.309;3.314;2.264;7.825;3.86;1.997;2.094;1.936;5.805;8.46;4.483;3.851;7.866;3.767;4.477;3.593;3.192;2.785;4.092;2.889;6.117;7.946;2.989;4.687;2.086;4.187;2.302;2.843;4.586;5.044;2.135;3.273;3.263;3.59;3.288;4.224;3.218;3.891;4.432;3.597;3.028;3.739;2.793;3.007;,
2024-10-29 15:20:50,2024-10-29 15:34:54,0,106.70.216.79,100,843,1,2024-10-29 15:34:55,R_4bFVXbUjKEcWTAd,,,,,-37.9848,145.1981,anonymous,EN,657eff8c13ec3b61c3fabb3a,,,,,2,4.189,5.911,5.917,2,2,7.443,8.8,8.804,2,2,2.516,3.459,3.465,2,2,2.84,4.363,4.366,2,2,2.335,5.82,5.824,2,2,1.667,2.782,2.786,2,1,2.001,3.21,3.213,2,1,1.536,2.548,2.554,2,1,1.801,4.798,4.801,3,1,1.481,2.303,2.306,2,1,2.547,3.621,3.623,2,1,1.15,2.757,2.761,2,2,1.524,2.584,2.588,2,2,1.807,2.902,2.905,2,1,1.338,2.54,2.543,2,2,1.237,2.103,2.106,2,2,2.212,3.388,3.392,2,2,1.935,3.021,3.024,2,2,1.992,2.929,2.932,2,1,1.792,2.847,2.85,2,2,2.478,3.766,3.771,2,1,1.229,2.267,2.27,2,2,1.109,2.083,2.086,2,1,1.523,2.4,2.403,2,1,3.143,4.43,4.433,2,1,1.859,3.178,3.181,2,2,2.126,2.894,2.899,2,1,2.363,4.025,4.028,2,1,1.971,3.183,3.186,2,2,2.439,3.605,3.609,2,1,1.131,2.091,2.099,2,1,1.36,2.181,2.185,2,2,1.893,2.86,2.866,2,2,3.025,4.052,4.057,2,1,1.788,2.842,2.847,2,2,1.331,2.141,2.145,2,1,1.304,2.299,2.305,2,1,1.788,2.88,2.883,2,1,1.518,2.47,2.477,2,2,1.627,2.728,2.731,2,2,1.29,2.3,2.305,2,2,1.804,3.231,3.236,2,2,1.301,2.332,2.337,2,1,1.725,2.602,2.605,2,1,1.931,2.868,2.872,2,2,1.134,2.093,2.1,2,2,1.878,2.8,2.803,2,1,1.538,2.644,2.648,2,1,1.554,2.508,2.515,2,2,1.824,2.814,2.82,2,2,2,4,4,3,1,The distance kept and the tidiness of the drawings,"g2_l50_a,g2_l80_c;g3_l80_c,g3_l60_a;g3_l50_c,g3_l80_b;g3_l65_b,g3_l40_c;g3_l70_c,g3_l65_a;g2_l45_c,g2_l55_a;g1_l40_a,g1_l80_b;g1_l80_a,g1_l75_c;g1_l65_b,g1_l65_a;g3_l70_b,g3_l60_a;g4_l65_b,g4_l40_a;g4_l45_b,g4_l80_a;g3_l60_a,g3_l75_b;g1_l70_c,g1_l45_b;g5_l60_a,g5_l55_c;g1_l55_c,g1_l40_a;g2_l70_b,g2_l45_a;g4_l55_a,g4_l50_b;g4_l80_a,g4_l60_c;g4_l80_b,g4_l50_c;g2_l55_b,g2_l70_c;g5_l75_b,g5_l45_a;g4_l40_c,g4_l80_b;g2_l50_a,g2_l50_b;g4_l65_c,g4_l55_a;g2_l75_c,g2_l40_b;g1_l40_b,g1_l75_a;g3_l75_c,g3_l40_a;g1_l75_c,g1_l65_b;g2_l40_c,g2_l80_b;g5_l40_b,g5_l80_c;g5_l80_a,g5_l45_c;g2_l50_c,g2_l55_a;g5_l65_b,g5_l55_a;g5_l75_a,g5_l60_b;g5_l40_a,g5_l65_c;g5_l50_a,g5_l50_b;g5_l55_c,g5_l75_b;g2_l55_c,g2_l75_b;g4_l75_a,g4_l75_b;g4_l65_b,g4_l80_c;g1_l75_a,g1_l45_c;g1_l65_c,g1_l45_a;g3_l80_b,g3_l40_c;g3_l50_b,g3_l50_a;",10,5,2;1;2;1;1;2;2;1;2;1;1;2;2;1;2;1;1;2;1;1;2;1;2;1;1;1;2;1;1;2;2;1;2;1;1;2;2;2;2;2;2;1;1;1;1;,,0,3,3.772;4.029;3.611;3.186;4.434;3.393;2.906;3.214;2.788;3.182;2.883;2.732;2.9;3.623;2.338;4.801;2.85;4.059;2.305;2.478;3.026;2.65;2.307;2.544;2.848;2.271;2.588;2.099;2.557;2.087;2.821;2.515;2.106;2.607;2.874;2.803;3.237;2.101;2.934;2.867;2.145;2.763;2.306;2.188;2.404;,
2024-10-29 15:27:59,2024-10-29 15:36:29,0,114.73.18.253,100,510,1,2024-10-29 15:36:30,R_4GOAyX8db4H4MAO,,,,,-33.9783,150.8587,anonymous,EN,5d50fbe64e3713001a005a19,,,,,2,7.433,9.002,9.005,2,2,6.116,7.516,7.518,2,2,4.332,5.236,5.238,2,2,4.821,6.189,6.191,2,2,5.412,6.188,6.19,2,1,4.035,4.795,4.797,2,1,2.607,3.647,3.649,2,1,3.169,3.921,3.922,2,1,11.393,12.153,12.154,2,1,2.883,3.539,3.541,2,2,7.627,8.307,8.309,2,2,2.791,3.974,3.976,2,2,4.652,5.283,5.285,2,2,3.401,4.608,4.611,2,1,2.88,3.672,3.674,2,1,3.688,4.735,4.737,2,1,2.999,3.784,3.786,2,2,2.813,3.565,3.566,2,2,2.566,3.27,3.272,2,1,2.703,3.655,3.657,2,2,4.582,5.422,5.424,2,2,3.327,4.087,4.089,2,1,2.476,4.147,4.149,2,2,2.658,3.258,3.259,2,1,2.771,3.987,3.989,2,2,7.113,8.874,8.876,2,2,4.781,5.758,5.76,2,2,11.812,12.565,12.568,2,1,2.546,3.21,3.212,2,1,2.871,3.711,3.713,2,1,2.982,3.966,3.968,2,1,2.472,4.415,4.417,2,2,2.384,3.063,3.065,2,2,3.277,3.981,3.984,2,2,3.863,4.551,4.553,2,1,6.098,7.274,7.275,2,1,7.379,10.964,10.965,3,1,3.543,4.487,4.488,2,2,1.915,2.884,2.886,2,1,3.743,4.495,4.497,2,2,2.054,3.519,3.52,2,2,4.68,6.728,6.73,2,1,2.568,4.568,4.57,2,2,2.974,5.11,5.112,2,1,2.782,3.767,3.768,2,1,3.16,3.832,3.834,2,1,3.474,4.787,4.788,2,2,2.877,3.573,3.574,2,2,3.117,3.781,3.784,2,2,8.368,9.896,9.897,2,2,2,4,4,3,3,how neat the shape and the design is,"g3_l80_b,g3_l40_c;g5_l80_b,g5_l55_c;g2_l50_c,g2_l80_b;g5_l50_a,g5_l50_b;g5_l80_b,g5_l75_a;g1_l40_b,g1_l65_c;g3_l80_a,g3_l60_b;g3_l75_c,g3_l80_b;g3_l75_c,g3_l40_b;g2_l45_b,g2_l45_a;g4_l40_a,g4_l70_b;g1_l80_b,g1_l80_a;g4_l80_b,g4_l45_c;g2_l40_a,g2_l45_c;g1_l65_c,g1_l55_b;g4_l70_c,g4_l45_a;g3_l75_c,g3_l45_a;g3_l80_b,g3_l55_c;g2_l75_b,g2_l65_c;g5_l45_c,g5_l80_a;g1_l45_c,g1_l75_b;g4_l65_c,g4_l50_b;g1_l65_a,g1_l45_b;g4_l70_a,g4_l65_b;g1_l60_c,g1_l45_b;g1_l60_a,g1_l55_b;g2_l70_c,g2_l45_a;g5_l70_a,g5_l55_b;g4_l40_a,g4_l80_b;g5_l40_b,g5_l50_c;g4_l40_c,g4_l60_b;g3_l60_b,g3_l75_c;g2_l50_a,g2_l65_b;g5_l40_b,g5_l80_a;g5_l70_c,g5_l50_b;g1_l40_a,g1_l75_c;g2_l45_a,g2_l80_c;g4_l65_c,g4_l65_a;g5_l40_a,g5_l70_c;g2_l55_a,g2_l75_b;g4_l70_a,g4_l60_b;g1_l40_c,g1_l80_b;g3_l40_c,g3_l40_a;g2_l80_b,g2_l40_c;g3_l55_c,g3_l45_b;",10,5,1;1;2;2;1;2;2;1;1;1;2;1;1;1;1;1;1;1;1;2;2;1;1;2;1;1;1;1;2;2;1;2;2;2;1;2;2;2;2;2;2;2;2;1;2;,,0,3,4.417;4.792;5.425;6.733;4.575;8.312;12.568;3.994;3.969;3.678;2.889;4.798;4.5;4.74;3.926;4.493;3.718;3.216;3.789;3.787;3.98;7.276;3.544;3.984;12.156;3.649;3.66;3.77;3.525;5.116;10.967;5.762;3.567;9.899;3.839;5.289;4.092;3.07;3.578;3.274;4.555;4.614;3.261;4.153;8.879;,
2024-10-29 15:37:40,2024-10-29 15:42:10,0,1.145.49.16,100,270,1,2024-10-29 15:42:11,R_4Rkkzt6dRdhRCFt,,,,,-33.8399,151.0583,anonymous,EN,65ae4eaa15de67d9e1608345,,,,,2,2.278,3.264,3.27,2,2,1.639,3.245,3.248,2,2,1.049,2.089,2.091,2,2,2.418,3.247,3.253,2,1,2.081,4.972,4.975,4,2,1.713,2.322,2.326,2,1,1.832,2.214,2.223,2,1,1.653,2.433,2.435,2,2,1.181,1.869,1.881,2,2,1.273,1.702,1.707,2,1,1.305,1.815,1.82,2,2,1.458,2.35,2.354,3,2,1.947,2.396,2.402,2,1,1.63,1.936,1.942,2,2,1.23,3.564,3.568,4,1,2.169,3.636,3.644,3,1,1.78,3.536,3.539,2,1,1.754,2.663,2.666,2,1,1.794,2.15,2.155,2,1,1.825,2.22,2.236,2,2,1.587,1.776,1.781,2,2,1.064,1.757,1.766,2,1,2.707,3.257,3.261,2,1,1.765,2.651,2.654,2,1,2.56,2.955,2.96,2,1,1.614,1.971,1.976,2,2,2.163,2.757,2.773,2,2,1.724,2.406,2.413,2,1,1.284,1.713,1.72,2,2,1.716,2.901,2.903,2,1,1.856,2.888,2.892,2,1,1.461,1.91,1.915,2,2,2.228,2.619,2.623,2,1,2.343,4.074,4.08,4,1,2.66,3.152,3.157,2,2,1.848,2.327,2.331,2,2,1.582,1.983,1.987,2,1,1.374,1.799,1.804,2,1,1.159,1.526,1.54,2,2,1.477,1.845,1.849,2,1,1.39,1.797,1.801,2,1,1.645,2.037,2.043,2,1,1.588,2.536,2.538,2,2,1.429,2.789,2.794,3,1,2.334,2.758,2.765,2,1,1.91,3.003,3.006,2,2,2.257,2.701,2.706,2,1,2.011,2.427,2.432,2,1,1.463,1.882,1.887,2,2,1.765,3.709,3.716,4,1,2,2,4,3,2,"I disliked overlapping edges, and preferred evenly spaced nodes.","g5_l70_a,g5_l65_b;g3_l45_c,g3_l75_b;g1_l65_c,g1_l55_b;g3_l80_b,g3_l45_c;g2_l65_a,g2_l50_c;g5_l75_b,g5_l55_c;g5_l65_b,g5_l75_c;g3_l70_c,g3_l70_a;g2_l75_a,g2_l65_b;g5_l40_c,g5_l80_a;g2_l80_a,g2_l40_c;g5_l40_a,g5_l65_c;g4_l75_a,g4_l75_c;g3_l80_b,g3_l40_c;g1_l45_c,g1_l75_b;g5_l65_b,g5_l65_c;g5_l50_c,g5_l65_a;g4_l60_b,g4_l65_c;g5_l80_b,g5_l45_c;g2_l45_b,g2_l75_c;g2_l75_b,g2_l80_a;g3_l65_a,g3_l45_c;g1_l75_b,g1_l75_a;g4_l60_b,g4_l75_c;g3_l65_b,g3_l60_c;g5_l75_a,g5_l45_c;g3_l45_a,g3_l60_c;g4_l45_a,g4_l55_b;g2_l40_c,g2_l75_a;g2_l65_a,g2_l65_b;g1_l45_c,g1_l70_a;g2_l40_c,g2_l65_a;g1_l45_b,g1_l80_a;g1_l80_c,g1_l40_a;g1_l70_c,g1_l65_a;g2_l50_a,g2_l70_b;g3_l65_c,g3_l55_b;g3_l70_c,g3_l45_a;g4_l75_a,g4_l45_c;g4_l80_c,g4_l40_a;g4_l40_b,g4_l75_c;g4_l50_a,g4_l70_b;g1_l65_b,g1_l80_c;g4_l65_b,g4_l40_a;g1_l60_a,g1_l80_c;",10,5,1;2;1;1;1;1;2;1;1;2;1;2;2;1;2;1;1;1;1;2;1;2;2;2;1;1;2;1;2;2;1;1;2;1;1;1;1;1;1;1;2;2;2;1;2;,,0,3,2.54;2.905;2.436;2.894;2.667;3.006;2.795;2.656;3.54;3.718;3.263;2.708;2.626;1.916;2.355;2.045;2.766;4.082;1.887;1.782;3.645;2.414;2.326;2.333;2.961;2.435;2.772;3.158;1.768;3.57;1.821;2.237;2.402;1.943;2.225;2.16;1.977;1.722;1.54;1.803;1.853;1.989;1.881;1.807;1.71;,
2024-10-29 15:37:45,2024-10-29 15:45:15,0,203.219.214.244,100,450,1,2024-10-29 15:45:16,R_4QGJShckzAIJDP3,,,,,-35.353,149.0137,anonymous,EN,607b962bbc14d00d40958065,,,,,2,5.253,9.253,9.255,2,2,2.478,3.95,3.952,2,2,2.837,4.133,4.135,2,2,3.465,4.873,4.875,2,2,4.072,5.272,5.274,2,1,8.937,9.953,9.955,2,2,6.175,7.943,7.944,2,2,6.925,8.093,8.095,2,1,4.094,5.286,5.288,2,2,4.808,6.121,6.122,2,1,4.085,5.173,5.175,2,2,4.415,5.543,5.545,2,1,4.315,5.347,5.349,2,1,5.276,8.18,8.182,2,2,6.681,7.713,7.715,2,2,6.201,7.401,7.403,2,2,3.721,4.729,4.731,2,1,5.637,6.813,6.815,2,1,5.215,6.15,6.152,2,1,6.679,7.807,7.809,2,2,7.062,8.046,8.048,2,1,3.318,4.598,4.6,2,2,3.16,4.24,4.243,2,1,3.264,4.247,4.249,2,2,4.558,5.693,5.695,2,1,6.521,8.033,8.035,2,1,4.27,5.503,5.504,2,2,4.137,5.745,5.746,2,1,3.04,4.512,4.514,2,2,3.564,4.893,4.895,2,1,4.381,5.437,5.439,2,2,2.506,3.785,3.787,2,1,4.472,5.496,5.497,2,2,7.089,9.624,9.626,3,2,4.925,5.965,5.967,2,1,3.508,7.148,7.15,2,1,3.382,4.598,4.6,2,1,6.119,7.455,7.456,2,1,6.416,7.344,7.346,2,2,2.611,3.547,3.548,2,2,5.373,6.445,6.447,2,1,8.206,9.318,9.321,2,1,10.428,11.924,11.926,2,1,4.865,6.072,6.074,2,1,4.061,5.277,5.279,2,2,5.901,7.397,7.399,2,1,4.853,6.381,6.383,2,1,3.486,4.606,4.608,2,2,2.973,4.053,4.055,2,2,3.243,4.379,4.381,2,2,6,2,2,3,2,"I think I preferred shorter lines, and wider spaces (between lines).","g5_l50_c,g5_l45_b;g2_l55_a,g2_l80_c;g4_l55_c,g4_l65_b;g1_l60_b,g1_l70_c;g5_l45_b,g5_l45_a;g1_l80_a,g1_l40_b;g4_l70_a,g4_l55_b;g4_l70_b,g4_l40_a;g5_l80_a,g5_l55_c;g5_l55_c,g5_l75_b;g4_l60_a,g4_l60_c;g4_l80_c,g4_l60_a;g3_l75_b,g3_l50_a;g4_l40_c,g4_l80_a;g3_l75_a,g3_l40_c;g5_l40_a,g5_l75_c;g1_l80_c,g1_l65_b;g5_l80_b,g5_l50_a;g1_l70_c,g1_l70_b;g5_l40_c,g5_l80_a;g1_l75_a,g1_l50_b;g2_l50_c,g2_l80_a;g5_l50_c,g5_l60_a;g2_l50_b,g2_l45_c;g3_l60_b,g3_l50_c;g1_l40_a,g1_l70_b;g2_l80_b,g2_l45_c;g2_l80_a,g2_l65_c;g2_l70_b,g2_l50_c;g2_l75_c,g2_l75_a;g5_l80_c,g5_l65_a;g2_l50_b,g2_l40_a;g3_l50_c,g3_l80_b;g1_l75_a,g1_l40_b;g3_l70_b,g3_l75_a;g3_l75_b,g3_l60_a;g3_l40_a,g3_l80_c;g3_l55_a,g3_l75_b;g1_l60_b,g1_l80_a;g1_l40_c,g1_l45_b;g2_l40_a,g2_l80_c;g4_l75_a,g4_l50_b;g4_l70_a,g4_l75_b;g4_l40_c,g4_l75_b;g3_l80_c,g3_l80_a;",10,5,1;1;2;2;1;1;1;1;1;2;1;1;1;2;1;2;1;1;1;2;1;2;1;2;1;2;1;1;1;2;1;2;2;1;2;1;2;2;2;2;2;1;2;2;1;,,0,3,11.927;7.809;5.967;8.096;9.324;8.182;7.15;7.347;6.383;7.402;5.499;4.601;4.515;6.449;5.439;4.057;5.288;4.609;9.955;4.382;5.177;8.049;6.076;7.405;8.037;5.548;4.601;6.816;6.154;7.715;5.28;4.733;4.896;5.351;5.696;5.506;3.788;5.748;6.124;7.945;4.246;7.462;9.627;3.549;4.254;,
2024-10-29 15:41:37,2024-10-29 15:48:31,0,138.250.188.152,100,414,1,2024-10-29 15:48:32,R_2OqqYCxwtjePyeU,,,,,52.1043,-0.5498,anonymous,EN,665d474fb596a3558adc1e8c,,,,,2,13.28,14.814,14.825,2,2,7.514,8.18,8.188,2,2,5.139,5.838,5.846,2,2,8.119,8.768,8.774,2,2,10.655,11.288,11.295,2,1,3.92,4.705,4.712,2,1,3.507,4.057,4.064,2,1,4.293,5.276,5.285,3,1,2.757,3.845,3.848,3,2,4.093,4.694,4.701,2,1,3.001,3.886,3.892,3,1,4.693,7.028,7.037,4,1,3.224,3.808,3.817,2,1,2.997,3.998,4.004,2,1,4.808,5.446,5.453,2,1,3.066,4.034,4.042,3,1,3.591,4.908,4.915,3,2,5.484,5.917,5.925,2,2,7.107,7.941,7.949,2,2,6.824,7.328,7.336,2,1,5.372,6.055,6.063,2,2,3.386,4.453,4.46,3,1,6.811,7.86,7.868,3,1,7.164,7.797,7.806,2,1,5.137,5.704,5.714,2,1,4.287,4.989,4.999,2,1,2.725,3.76,3.767,3,2,2.641,3.542,3.549,3,2,2.995,3.895,3.902,3,1,4.827,5.494,5.503,2,1,3.951,4.634,4.644,2,2,4.144,4.796,4.801,2,1,3.848,4.516,4.525,2,1,4.443,5.109,5.117,2,1,4.133,4.748,4.756,2,1,3.584,4.818,4.826,3,1,4.079,5.011,5.015,3,2,3.758,4.526,4.533,2,1,3.228,4.313,4.32,3,1,3.495,4.58,4.591,3,1,2.792,3.81,3.818,3,2,3.649,4.25,4.26,2,2,2.824,3.757,3.762,3,2,3.672,4.656,4.663,3,1,5.19,7.059,7.068,3,1,4.41,5.027,5.035,2,2,4.182,5.295,5.304,3,2,3.934,4.57,4.577,2,2,2.938,3.906,3.913,3,2,3.989,5.157,5.165,3,1,2,2,2,3,2,"The easiness to connect the relationship ","g2_l40_c,g2_l60_b;g2_l75_b,g2_l45_c;g3_l75_a,g3_l45_c;g2_l80_b,g2_l70_a;g3_l65_b,g3_l65_c;g2_l45_c,g2_l70_a;g3_l80_b,g3_l45_c;g3_l40_b,g3_l80_a;g4_l55_c,g4_l55_b;g5_l50_c,g5_l75_b;g3_l65_a,g3_l60_c;g2_l45_c,g2_l60_b;g4_l75_c,g4_l40_a;g5_l50_b,g5_l60_c;g3_l55_c,g3_l65_a;g1_l55_c,g1_l55_a;g5_l40_b,g5_l80_c;g5_l45_c,g5_l75_a;g4_l75_c,g4_l80_a;g1_l40_a,g1_l60_c;g4_l55_a,g4_l45_b;g2_l45_c,g2_l80_a;g5_l70_c,g5_l50_a;g4_l65_c,g4_l45_a;g1_l80_a,g1_l70_c;g2_l55_b,g2_l55_c;g1_l75_b,g1_l45_a;g4_l75_c,g4_l45_b;g5_l75_a,g5_l75_c;g1_l50_c,g1_l45_a;g4_l55_a,g4_l40_b;g3_l65_a,g3_l50_c;g1_l80_c,g1_l65_b;g2_l55_c,g2_l50_a;g4_l80_b,g4_l40_c;g3_l50_c,g3_l70_b;g5_l45_a,g5_l40_b;g5_l40_c,g5_l75_a;g1_l75_b,g1_l40_a;g3_l45_a,g3_l70_b;g4_l50_a,g4_l75_c;g5_l75_a,g5_l60_b;g1_l80_b,g1_l40_c;g2_l40_a,g2_l80_b;g1_l80_a,g1_l55_b;",10,5,2;1;1;1;1;2;1;2;1;2;1;2;1;2;1;1;2;2;1;2;1;2;1;1;1;1;1;1;2;1;1;1;1;1;1;2;2;2;1;2;2;1;1;1;1;,,0,3,7.95;6.069;5.507;4.915;7.807;7.336;4.645;4.804;4.529;5.305;5.715;5.927;4.59;4.665;5.001;4.713;5.166;4.578;5.119;4.702;4.758;4.463;5.036;5.017;5.285;5.454;7.038;4.32;4.263;4.066;4.828;3.769;3.849;4.045;3.82;3.55;3.764;3.914;3.817;3.904;4.535;7.07;4.005;7.87;3.894;,
2024-10-29 15:44:55,2024-10-29 15:52:33,0,58.169.20.156,100,458,1,2024-10-29 15:52:34,R_4JxbA1mQvjFkcfO,,,,,-31.9643,115.8595,anonymous,EN,5e64e9aae18d1524c7743b5d,,,,,2,11.333,12.386,12.397,2,2,2.405,3.727,3.741,2,2,2.406,3.73,3.74,2,2,3.908,4.685,4.69,2,1,3.884,6.062,6.072,2,1,2.613,3.275,3.279,2,2,2.69,3.377,3.387,2,1,2.442,3.126,3.135,2,1,2.764,3.47,3.476,2,1,1.774,3.084,3.088,2,2,2.792,3.482,3.486,2,1,2.848,4.146,4.151,2,2,2.783,3.568,3.582,2,1,4.159,4.851,4.856,2,2,5.639,6.827,6.841,2,1,2.763,3.807,3.811,2,1,2.844,4.116,4.125,2,1,25.27,26.498,26.505,2,2,3.486,4.191,4.199,2,2,6.75,7.9,7.911,2,2,12.828,14.198,14.202,2,2,2.173,2.652,2.656,2,1,2.392,3.292,3.301,2,1,2.177,3.188,3.204,2,2,5.758,6.584,6.591,2,2,1.813,2.974,2.985,2,1,2.953,3.738,3.752,2,2,2.044,2.541,2.545,2,1,1.804,3.038,3.052,2,2,3.091,4.122,4.127,2,1,1.47,2.362,2.366,2,2,2.794,3.91,3.914,2,1,2.787,3.431,3.444,2,1,1.772,5.078,5.085,4,1,2.994,3.659,3.671,2,1,1.425,2.765,2.775,2,2,2.441,3.588,3.592,2,2,20.938,23.554,23.559,2,1,2.678,3.423,3.427,2,2,1.793,3.388,3.394,3,2,2.024,3.244,3.249,2,2,3.615,4.226,4.237,2,2,2.63,3.353,3.363,2,1,3.053,3.728,3.737,2,2,9.269,9.902,9.907,2,2,1.918,3.035,3.042,2,1,2.929,4.986,4.99,2,2,1.603,2.714,2.728,2,2,2.374,3.068,3.078,2,2,1.758,2.61,2.617,2,1,5,3,4,3,5,"The more spaces in-between the better I liked the diagram. I felt that they were easier to read ","g4_l80_a,g4_l50_c;g3_l80_b,g3_l65_c;g2_l40_b,g2_l40_a;g1_l70_b,g1_l40_c;g4_l40_c,g4_l80_a;g3_l40_c,g3_l70_b;g1_l80_b,g1_l40_a;g2_l50_b,g2_l70_a;g3_l80_b,g3_l55_c;g2_l70_a,g2_l45_c;g4_l45_c,g4_l55_a;g3_l50_c,g3_l40_a;g1_l80_b,g1_l60_c;g5_l70_c,g5_l80_a;g2_l40_c,g2_l80_b;g1_l65_c,g1_l60_a;g2_l65_c,g2_l80_b;g5_l65_b,g5_l80_c;g5_l40_b,g5_l75_a;g5_l45_b,g5_l75_a;g1_l45_a,g1_l70_c;g1_l60_a,g1_l50_b;g2_l50_a,g2_l80_b;g2_l40_a,g2_l50_c;g5_l55_c,g5_l80_a;g3_l65_c,g3_l60_b;g4_l50_a,g4_l75_c;g4_l45_c,g4_l50_a;g3_l40_c,g3_l80_b;g1_l60_a,g1_l60_c;g5_l60_a,g5_l80_c;g3_l65_b,g3_l65_c;g4_l70_b,g4_l70_a;g5_l50_b,g5_l55_a;g4_l60_b,g4_l40_c;g4_l45_a,g4_l80_c;g4_l55_a,g4_l40_c;g1_l40_b,g1_l75_a;g1_l55_b,g1_l40_c;g2_l75_a,g2_l70_b;g5_l60_a,g5_l60_c;g2_l40_b,g2_l75_c;g3_l55_c,g3_l75_b;g5_l40_c,g5_l80_a;g3_l75_b,g3_l40_a;",10,5,1;1;2;1;2;2;1;2;1;2;1;2;1;1;1;2;1;2;2;2;2;1;2;1;1;2;2;1;2;1;2;1;1;2;2;2;1;2;1;1;2;2;2;2;1;,,0,3,3.432;3.754;6.842;4.154;3.252;4.131;4.86;4.203;3.053;7.915;3.675;2.988;3.091;3.74;3.305;3.391;26.508;9.91;3.078;2.731;3.491;3.139;14.206;4.126;4.995;6.593;23.559;5.087;3.918;3.284;3.046;3.207;3.446;3.368;3.597;3.396;2.778;3.585;3.479;3.816;4.24;2.66;2.549;2.62;2.37;,
2024-10-29 15:33:57,2024-10-29 15:55:10,0,103.85.36.162,100,1273,1,2024-10-29 15:55:11,R_4OwULsUCC7phRcG,,,,,-33.8434,151.1321,anonymous,EN,669d0ebd8ef1aabaaafaa454,,,,,2,8.244,9.128,9.137,2,1,3.463,7.19,7.198,3,2,3.53,4.177,4.188,2,1,6.027,8.534,8.537,2,2,5.217,6.302,6.307,2,2,3.061,4.288,4.291,2,1,2.608,3.871,3.875,2,2,2.18,2.847,2.851,2,1,2.299,4.013,4.016,3,2,2.025,3.065,3.073,2,2,1.279,2.576,2.578,3,2,3.053,4.771,4.777,2,2,6.15,7.016,7.018,2,2,1.721,2.885,2.888,2,2,2.053,3.384,3.393,2,1,5.442,6.472,6.475,2,2,2.973,4.539,4.55,2,2,3.441,4.015,4.024,2,1,3.873,4.5,4.507,2,1,1.497,2.108,2.115,2,1,2.77,4.263,4.27,2,2,1.185,1.938,1.939,2,1,1.143,2.012,2.013,3,2,4.511,5.443,5.449,2,1,5.835,6.899,6.9,2,2,2.551,3.452,3.457,2,2,2.069,2.85,2.852,2,2,5.784,6.909,6.915,3,1,1.867,2.558,2.563,2,1,4.607,5.292,5.295,2,2,2.475,3.071,3.075,2,2,2.287,3.31,3.319,2,1,4.848,5.541,5.55,2,1,4.104,5.602,5.604,2,1,4.257,5.452,5.453,2,1,1.447,2.199,2.206,2,2,10.344,11.016,11.022,2,1,1.853,2.552,2.559,2,2,2.992,3.572,3.58,2,2,5.592,6.294,6.299,2,1,1.253,4.316,4.321,4,1,4.202,5.049,5.057,2,1,2.215,4.904,4.914,2,1,1.249,3.438,3.445,3,1,2.264,3.046,3.051,2,2,1.551,2.216,2.218,2,2,1.493,2.118,2.129,2,2,3.09,5.043,5.049,2,1,10.399,11.18,11.182,2,1,1.232,1.999,2,2,2,3,3,4,2,5,"where the lines were very close together, it was hard to see the connections and looked cluttered and stressful. I prefer bigger spaces.
I don't like a lot of dense lines backed into a small space.","g4_l40_b,g4_l60_a;g4_l55_c,g4_l55_a;g2_l45_a,g2_l55_c;g3_l55_a,g3_l65_b;g1_l40_a,g1_l80_c;g3_l75_a,g3_l45_c;g4_l40_b,g4_l75_c;g2_l60_b,g2_l80_a;g3_l55_c,g3_l75_a;g1_l50_b,g1_l80_a;g1_l50_a,g1_l70_b;g1_l40_c,g1_l75_b;g3_l50_b,g3_l50_c;g2_l75_c,g2_l80_b;g4_l40_a,g4_l70_c;g2_l75_b,g2_l45_c;g2_l40_b,g2_l40_a;g4_l70_b,g4_l45_c;g2_l70_c,g2_l45_b;g1_l40_a,g1_l40_c;g1_l70_a,g1_l80_c;g5_l70_a,g5_l55_c;g5_l45_a,g5_l70_b;g5_l55_a,g5_l55_b;g3_l75_b,g3_l50_a;g3_l40_c,g3_l80_a;g5_l60_b,g5_l65_c;g5_l75_b,g5_l45_a;g2_l55_b,g2_l70_c;g4_l80_b,g4_l40_a;g4_l75_c,g4_l60_b;g3_l45_c,g3_l80_b;g1_l65_c,g1_l60_b;g5_l80_c,g5_l45_b;g5_l80_b,g5_l40_a;g4_l70_b,g4_l65_c;g1_l50_a,g1_l75_c;g2_l80_a,g2_l40_b;g5_l50_a,g5_l70_c;g1_l60_a,g1_l75_b;g5_l70_a,g5_l80_b;g3_l60_c,g3_l75_b;g2_l45_c,g2_l80_a;g4_l50_a,g4_l40_c;g3_l75_a,g3_l70_b;",10,5,2;1;2;2;2;1;2;1;2;2;2;2;2;1;2;1;2;1;1;2;2;1;2;1;1;2;1;2;2;1;1;2;1;1;1;1;2;1;2;1;1;2;2;1;1;,,0,3,11.025;5.55;4.552;3.461;2.888;5.297;6.303;4.507;6.913;4.781;3.076;7.021;5.451;6.475;3.583;4.277;3.393;2.564;2.117;4.298;2.855;3.057;2.13;5.063;2.567;3.322;4.915;5.049;4.03;4.325;2.211;3.082;3.878;11.186;2.001;5.605;2.579;2.014;2.219;4.015;3.446;2.853;1.94;5.454;6.902;,
2024-10-29 15:51:38,2024-10-29 15:57:19,0,90.220.1.183,100,341,1,2024-10-29 15:57:20,R_2DNBZ2Fh4fY9kc4,,,,,52.6181,-1.1804,anonymous,EN,6718b506c509178a825f5069,,,,,1,8.872,12.639,12.647,3,2,5.72,6.971,6.978,2,2,3.062,4.179,4.186,2,2,3.223,4.507,4.513,2,1,2.747,3.93,3.936,2,2,2.548,3.981,3.986,2,1,5.272,6.272,6.277,2,2,1.609,2.959,2.964,2,2,1.537,2.57,2.575,2,2,2.956,4.007,4.011,2,1,2.465,3.882,3.887,2,2,1.773,2.606,2.61,2,2,1.581,2.747,2.752,2,1,2.759,3.943,3.948,2,1,1.883,2.866,2.871,2,2,1.854,3.087,3.091,2,1,3.473,4.973,4.978,2,1,2.255,3.889,3.893,2,2,1.774,3.174,3.179,2,2,2.978,4.278,4.282,2,1,1.826,3.176,3.182,2,2,2.001,3.201,3.205,2,1,2.146,3.263,3.268,2,1,3.776,4.81,4.814,2,2,3.493,4.643,4.648,2,1,2.007,3.223,3.228,2,2,2.62,3.67,3.675,2,1,2.825,3.826,3.83,2,2,1.631,2.814,2.819,2,2,1.513,2.463,2.468,2,2,1.989,3.156,3.161,2,1,1.955,3.221,3.225,2,2,3.631,4.932,4.936,2,2,3.671,4.853,4.856,2,2,2.11,3.259,3.264,2,1,2.535,3.684,3.688,2,2,2.546,4.062,4.067,2,1,1.919,3.369,3.374,2,2,2.018,3.351,3.357,2,2,1.786,2.836,2.841,2,2,1.764,3.014,3.019,2,2,2.637,3.886,3.89,2,1,2.215,3.383,3.388,2,1,2.611,4.361,4.366,2,2,4.531,5.515,5.52,2,2,3.401,4.435,4.439,2,2,2.176,3.193,3.198,2,2,2.058,3.392,3.397,2,2,1.959,3.16,3.163,2,2,2.128,3.144,3.148,2,1,2,4,2,4,1,"The drawings that had a lot of connections, that were a bit closer to each other.","g1_l70_a,g1_l70_c;g5_l45_a,g5_l75_b;g5_l55_b,g5_l50_a;g5_l40_a,g5_l55_b;g1_l80_a,g1_l40_b;g5_l40_a,g5_l80_b;g5_l50_b,g5_l75_a;g4_l40_a,g4_l75_b;g3_l50_b,g3_l80_c;g4_l45_a,g4_l75_c;g2_l70_c,g2_l70_a;g1_l65_c,g1_l40_b;g3_l70_a,g3_l55_c;g1_l60_b,g1_l75_a;g1_l55_c,g1_l60_b;g3_l55_c,g3_l80_a;g5_l50_c,g5_l40_a;g5_l45_b,g5_l80_c;g3_l40_b,g3_l40_a;g4_l55_b,g4_l50_c;g2_l80_c,g2_l40_b;g2_l80_a,g2_l70_c;g3_l40_a,g3_l50_c;g5_l40_a,g5_l40_b;g4_l40_c,g4_l50_a;g4_l55_c,g4_l40_a;g4_l40_c,g4_l60_b;g2_l70_a,g2_l45_c;g2_l70_b,g2_l75_c;g3_l45_c,g3_l80_b;g2_l55_b,g2_l75_a;g2_l80_c,g2_l50_a;g4_l65_c,g4_l65_a;g1_l70_a,g1_l60_b;g3_l80_c,g3_l40_a;g4_l65_b,g4_l40_a;g2_l45_c,g2_l80_a;g4_l40_c,g4_l80_b;g3_l60_a,g3_l55_c;g1_l45_b,g1_l65_a;g2_l75_a,g2_l60_b;g1_l50_b,g1_l80_a;g5_l80_a,g5_l60_c;g1_l40_c,g1_l75_a;g3_l80_a,g3_l60_b;",10,5,2;2;1;2;1;2;2;2;2;2;1;1;2;2;1;2;1;2;1;2;1;1;1;2;2;1;2;2;2;2;2;1;2;2;1;1;2;2;2;2;1;2;2;2;1;,,0,3,3.989;3.4;3.392;5.524;3.952;3.151;3.201;2.847;2.471;3.361;2.876;3.891;3.68;2.58;6.282;2.823;4.368;3.166;4.817;4.86;3.271;4.981;3.23;3.897;3.268;3.694;4.071;4.286;3.096;3.165;3.183;3.185;4.939;2.967;3.229;3.38;3.21;3.022;4.652;4.015;3.897;2.615;4.443;2.755;3.832;,
2024-10-29 15:45:04,2024-10-29 15:58:29,0,121.44.2.235,100,805,1,2024-10-29 15:58:30,R_4sBqY4G4WZ683x0,,,,,-33.8715,151.2006,anonymous,EN,60e197c98498a8f2baa8bc24,,,,,2,2.348,11.293,11.297,4,2,5.912,7.033,7.036,2,2,4.453,6.419,6.422,2,2,3.023,12.036,12.039,3,2,2.072,10.295,10.297,3,2,1.523,10.129,10.131,3,1,2.036,8.892,8.894,3,2,1.652,10.625,10.628,3,2,1.285,7.816,7.819,3,1,1.771,5.886,5.89,3,2,12.921,14.175,14.178,2,1,1.926,10.877,10.88,3,2,3.028,4.368,4.37,2,1,3.647,7.118,7.121,3,2,1.978,8.221,8.224,3,2,2.024,9.05,9.053,3,2,1.94,12.872,12.876,3,1,1.479,6.648,6.651,3,1,2.039,11.527,11.529,3,2,1.654,8.512,8.515,3,1,2.251,7.74,7.743,3,1,1.62,5.337,5.341,3,1,1.97,11.504,11.507,3,2,1.362,10.098,10.1,4,1,6.226,7.494,7.496,2,2,1.737,10.64,10.643,3,1,1.289,5.823,5.826,3,1,1.584,9.384,9.389,3,1,1.853,6.551,6.554,3,1,1.59,10.545,10.547,3,1,1.967,11.391,11.394,3,2,1.621,7.372,7.374,3,2,1.74,7.294,7.296,3,1,1.523,6.268,6.271,3,2,1.535,9.01,9.013,3,1,1.536,5.84,5.843,3,1,2.895,4.22,4.223,2,1,2.478,6.696,6.698,3,1,2.171,5.178,5.181,3,1,1.773,9.845,9.85,3,2,1.718,4.331,4.333,3,2,2.296,3.568,3.57,2,1,1.623,5.848,5.851,3,2,2.426,8.728,8.731,3,1,1.769,15.486,15.488,3,1,4.575,7.325,7.328,3,1,2.231,12.005,12.007,3,1,1.846,5.844,5.846,3,1,1.804,6.677,6.68,3,2,1.798,4.604,4.607,3,2,5,2,3,3,2,"I prefer the dots not too close to each other, so that the diagrams are clearer and the lines are more distinctive. I also like each part of the diagram to be of similar size, not like a massive area on one side and then several smaller areas with many lines and dots on the other side.","g1_l80_b,g1_l40_a;g5_l80_b,g5_l60_a;g4_l80_c,g4_l50_b;g2_l75_c,g2_l45_b;g2_l65_b,g2_l55_c;g2_l40_a,g2_l80_b;g4_l75_a,g4_l40_b;g3_l70_a,g3_l60_b;g1_l70_b,g1_l80_a;g3_l75_b,g3_l50_c;g2_l65_a,g2_l40_c;g5_l70_c,g5_l45_a;g3_l40_a,g3_l80_b;g1_l70_b,g1_l50_a;g3_l75_c,g3_l40_a;g4_l75_a,g4_l55_b;g4_l65_b,g4_l40_c;g5_l75_c,g5_l45_b;g1_l80_a,g1_l50_b;g2_l55_c,g2_l70_a;g3_l75_c,g3_l45_b;g3_l75_a,g3_l75_b;g2_l65_a,g2_l45_c;g1_l65_a,g1_l70_c;g5_l50_c,g5_l65_b;g4_l55_a,g4_l55_c;g4_l80_b,g4_l75_c;g1_l40_b,g1_l40_c;g1_l65_b,g1_l50_c;g4_l60_a,g4_l45_b;g3_l65_b,g3_l50_c;g5_l80_c,g5_l75_b;g2_l80_a,g2_l45_c;g4_l40_a,g4_l50_c;g5_l50_c,g5_l60_a;g2_l75_a,g2_l80_c;g5_l40_b,g5_l80_a;g5_l40_a,g5_l40_b;g3_l75_c,g3_l80_a;g4_l40_c,g4_l80_b;g3_l80_b,g3_l60_c;g2_l60_c,g2_l60_a;g5_l75_a,g5_l40_b;g1_l55_a,g1_l80_b;g1_l45_a,g1_l80_c;",10,5,1;1;1;1;2;1;1;2;2;1;2;1;2;1;1;1;1;1;1;1;1;2;1;1;1;2;1;2;2;1;1;1;1;2;2;2;2;2;1;2;1;2;1;2;2;,,0,3,7.123;7.33;5.189;7.745;12.884;11.509;9.85;10.645;10.629;6.555;8.518;12.009;7.38;5.895;11.394;4.228;6.698;5.847;10.881;6.655;10.548;10.105;11.531;8.9;15.49;7.297;6.272;10.133;7.821;5.844;5.828;5.852;5.341;9.021;8.734;9.054;4.612;3.572;7.497;4.338;9.394;8.227;6.687;14.18;4.372;,
2024-10-29 15:50:10,2024-10-29 15:58:41,0,203.158.45.250,100,510,1,2024-10-29 15:58:41,R_4eftNJmGXCu6ce8,,,,,-33.8182,151.1602,anonymous,EN,5f4d822a5080c693e800932f,,,,,2,3.402,5.09,5.096,2,2,2.425,3.673,3.678,2,2,2.448,3.464,3.469,2,2,1.582,3.007,3.012,2,2,2.967,4.095,4.101,2,2,9.771,10.997,11.002,2,2,3.402,4.251,4.253,2,1,3.968,5.376,5.383,2,1,3.77,4.922,4.928,2,2,5.139,7.106,7.108,2,1,2.328,3.465,3.469,2,2,2.236,4.342,4.344,3,1,1.667,2.699,2.703,2,2,3.571,4.493,4.495,2,1,2.658,3.714,3.718,2,2,5.095,6.215,6.22,2,1,1.729,3.297,3.301,2,2,4.5,5.436,5.438,2,1,3.625,4.625,4.628,2,2,2.041,3.233,3.237,2,1,2.057,3.522,3.527,2,2,2.604,4.237,4.243,2,2,2.724,4.285,4.291,2,2,3.003,3.948,3.952,2,2,5.754,6.739,6.741,2,1,2.06,3.9,3.904,3,2,5.209,6.538,6.543,2,1,5.548,6.572,6.576,2,1,2.739,4.619,4.626,3,1,8.371,10.834,10.837,3,2,3.16,6.113,6.117,2,1,3.621,4.788,4.793,2,1,1.898,5.219,5.223,3,2,4.397,5.829,5.834,2,1,2.167,3.408,3.412,2,1,1.648,5.873,5.877,3,2,2.995,4.124,4.129,2,1,3.181,4.173,4.175,2,2,3.101,4.733,4.739,2,2,9.78,10.949,10.954,2,1,2.396,3.331,3.333,2,2,3.428,6.956,6.96,3,2,2.677,3.805,3.81,2,1,2.42,5.124,5.128,2,1,3.228,4.276,4.282,2,1,8.773,9.788,9.792,2,2,2.41,3.235,3.239,2,2,2.046,3.382,3.386,2,1,1.412,3.195,3.2,3,1,1.704,2.905,2.909,2,2,5,2,4,3,2,"I preferred the more simple diagrams, the ones with less overlapping lines, and clearer points.","g1_l70_a,g1_l60_b;g4_l75_a,g4_l80_b;g2_l45_b,g2_l70_c;g1_l65_c,g1_l80_a;g2_l75_c,g2_l40_a;g2_l45_c,g2_l45_a;g3_l60_a,g3_l55_b;g5_l60_c,g5_l50_b;g2_l75_c,g2_l45_a;g1_l50_b,g1_l50_a;g2_l40_b,g2_l80_c;g5_l55_b,g5_l50_c;g3_l80_b,g3_l55_c;g2_l55_c,g2_l75_a;g1_l75_c,g1_l80_b;g1_l55_b,g1_l75_c;g5_l65_b,g5_l65_c;g4_l75_b,g4_l45_a;g5_l50_c,g5_l65_b;g4_l45_b,g4_l80_a;g2_l60_b,g2_l65_a;g4_l70_c,g4_l45_b;g3_l75_b,g3_l45_a;g4_l55_a,g4_l45_b;g4_l80_b,g4_l80_a;g5_l40_a,g5_l65_c;g3_l80_a,g3_l40_b;g1_l50_c,g1_l80_a;g5_l80_b,g5_l40_a;g1_l70_b,g1_l45_c;g3_l40_a,g3_l60_c;g4_l80_c,g4_l40_a;g1_l75_b,g1_l40_c;g4_l40_b,g4_l55_c;g5_l60_c,g5_l80_a;g2_l55_a,g2_l40_c;g4_l55_a,g4_l75_b;g5_l50_b,g5_l80_c;g5_l80_a,g5_l45_b;g3_l45_b,g3_l80_a;g1_l40_b,g1_l80_a;g3_l70_a,g3_l55_b;g3_l40_c,g3_l40_a;g3_l75_b,g3_l65_c;g2_l75_b,g2_l65_c;",10,5,1;2;2;1;2;1;2;1;1;2;2;2;1;1;2;2;2;2;1;2;2;1;1;1;1;2;1;2;1;1;1;1;1;1;1;2;2;2;1;2;2;2;2;1;1;,,0,3,5.384;5.838;3.244;4.928;4.244;3.718;6.741;5.131;3.53;11.004;4.292;3.811;4.627;4.629;4.257;7.114;6.965;4.74;4.283;10.957;6.222;4.177;10.839;3.413;5.226;3.241;4.793;4.346;2.918;3.469;6.577;3.334;2.705;5.879;9.794;5.445;4.13;3.388;3.201;6.118;4.497;6.544;3.952;3.905;3.304;,
2024-10-29 15:45:58,2024-10-29 16:00:01,0,92.237.164.94,100,842,1,2024-10-29 16:00:02,R_81Hd32arhEfkAlz,,,,,51.5368,-0.6718,anonymous,EN,5e8b765e88065404c4d50fe2,,,,,2,4.085,6.765,6.771,2,2,2.159,4.007,4.014,2,2,2.285,4.617,4.623,2,2,2.723,5.155,5.164,2,2,7.692,9.082,9.086,2,1,2.523,3.883,3.887,2,2,7.012,8.419,8.428,2,2,3.489,6.032,6.038,2,2,2.051,3.523,3.527,2,2,1.723,3.081,3.086,2,1,1.904,3.854,3.86,2,2,1.947,3.195,3.203,2,2,1.374,2.477,2.481,2,2,3.16,4.367,4.373,2,2,2.341,3.781,3.785,2,2,2.002,5.121,5.125,2,2,2.128,4.645,4.651,2,2,1.915,3.513,3.52,2,2,2.953,6.358,6.363,2,1,4.198,5.958,5.962,2,2,2.617,4.482,4.485,2,2,1.652,2.86,2.865,2,1,1.663,3.724,3.728,2,2,1.545,2.809,2.812,2,2,15.125,16.438,16.442,2,2,1.711,3.23,3.236,2,1,2.777,3.881,3.886,2,1,2.601,4.089,4.092,2,2,1.72,3.256,3.262,2,2,3.017,4.457,4.462,2,2,1.619,2.786,2.791,2,1,1.609,3.608,3.613,2,1,2.499,3.643,3.648,2,2,2.803,8.648,8.652,2,1,1.973,8.592,8.598,3,2,1.996,9.549,9.555,2,1,1.735,4.636,4.64,2,2,1.81,3.035,3.039,2,1,1.818,3.035,3.039,2,1,2.186,3.97,3.974,2,2,1.402,2.85,2.854,2,1,3.161,4.658,4.664,2,1,2.68,4.544,4.548,2,2,2.744,15.795,15.8,2,2,1.528,3.007,3.012,2,1,1.556,3.21,3.216,2,2,1.644,3.676,3.682,2,1,1.782,3.146,3.151,2,1,1.901,4.078,4.081,2,2,1.786,4.552,4.557,2,2,3,3,4,3,1,"I prefered the networks that had the nodes as spread out as possible. I felt these were easier to take in all the interlinked possibilities. Networks that looked messy or chaotic were unappealing.    ","g5_l45_c,g5_l40_a;g2_l50_c,g2_l40_a;g3_l75_a,g3_l70_c;g3_l40_a,g3_l70_b;g5_l45_b,g5_l55_a;g4_l75_c,g4_l40_a;g4_l80_c,g4_l50_b;g1_l60_a,g1_l60_b;g2_l45_a,g2_l60_c;g1_l65_a,g1_l40_c;g3_l50_c,g3_l60_b;g1_l75_c,g1_l60_a;g3_l45_b,g3_l70_c;g1_l45_b,g1_l50_c;g3_l75_b,g3_l55_c;g3_l45_a,g3_l80_b;g5_l45_b,g5_l70_c;g4_l40_b,g4_l80_c;g5_l65_b,g5_l45_a;g1_l40_c,g1_l75_a;g2_l60_c,g2_l65_b;g3_l60_c,g3_l45_a;g4_l60_c,g4_l50_a;g1_l45_b,g1_l75_a;g5_l40_b,g5_l80_a;g2_l40_c,g2_l70_a;g4_l40_a,g4_l65_c;g1_l40_c,g1_l60_b;g5_l70_a,g5_l70_b;g3_l80_a,g3_l40_c;g2_l80_b,g2_l80_c;g5_l50_a,g5_l65_b;g4_l70_a,g4_l70_b;g1_l55_b,g1_l45_c;g1_l40_c,g1_l80_a;g4_l65_b,g4_l70_c;g4_l40_a,g4_l55_c;g4_l65_b,g4_l45_a;g2_l40_b,g2_l75_c;g2_l60_a,g2_l80_c;g2_l65_c,g2_l40_a;g3_l70_c,g3_l70_b;g5_l80_c,g5_l45_a;g5_l80_b,g5_l50_c;g2_l80_c,g2_l40_b;",10,5,1;2;2;2;2;1;1;1;2;1;2;2;2;2;1;2;2;2;1;2;2;1;1;2;2;2;2;2;1;1;2;2;1;2;2;2;2;1;2;2;1;2;1;1;1;,,0,3,4.552;4.652;16.444;4.464;15.801;3.978;3.041;3.89;3.522;3.862;3.238;3.542;3.262;8.426;4.098;2.791;3.684;2.857;3.217;2.483;5.127;3.888;8.599;3.206;4.562;4.488;3.041;3.087;4.666;3.613;3.787;3.015;3.65;6.039;4.375;8.654;9.557;4.643;2.867;6.365;5.966;2.814;4.084;3.155;3.73;,
2024-10-29 16:12:16,2024-10-29 16:18:00,0,203.54.177.198,100,344,1,2024-10-29 16:18:01,R_4GiX72V0XgqPeSE,,,,,-34.9172,138.5445,anonymous,EN,66c2784823d2e426e4422ef7,,,,,2,3.271,5.202,5.207,2,2,1.808,2.718,2.721,2,2,2.449,3.623,3.625,2,2,2.33,3.248,3.251,2,2,2.087,2.875,2.878,2,2,2.178,3.061,3.064,2,1,4.835,7.509,7.512,3,2,1.483,2.261,2.263,2,1,1.696,2.833,2.834,2,1,1.01,1.745,1.748,2,2,3.164,4.004,4.007,2,2,1.578,2.612,2.615,2,2,2.738,3.446,3.449,2,2,1.231,1.997,2,2,2,4.705,5.873,5.877,3,1,1.349,2.165,2.168,2,2,2.079,2.962,2.967,2,1,1.996,3,3.003,2,2,7.054,8.358,8.361,2,1,1.083,2.049,2.052,3,2,1.488,2.555,2.558,2,1,1.272,2.645,2.648,2,2,2.567,3.683,3.687,2,1,1.511,2.418,2.421,2,2,3.336,4.397,4.4,2,2,2.58,4.807,4.81,3,1,3.805,4.497,4.5,2,2,1.53,2.424,2.427,2,2,2.691,3.603,3.606,2,2,1.732,2.821,2.824,2,2,1.29,2.325,2.328,2,2,1.574,2.18,2.183,2,1,1.367,2.193,2.195,2,1,2.142,3.088,3.092,2,1,1.336,2.23,2.231,2,1,1.897,2.559,2.562,2,1,1.82,2.761,2.764,2,2,2.273,7.227,7.23,4,2,3.123,3.887,3.891,2,2,1.378,3.456,3.459,3,2,1.413,2.164,2.168,2,2,5.595,6.477,6.479,2,2,2.771,5.33,5.333,3,1,20.325,21.14,21.143,2,2,1.464,2.387,2.39,2,1,1.307,2.355,2.358,2,1,2.879,3.643,3.647,2,1,4.01,5.707,5.71,3,2,1.285,2.109,2.112,2,1,1.295,1.958,1.96,2,2,3,4,4,4,2,I had a preference for when there were minimal lines overlapping. I prefered when the image was not cluttered.,"g5_l65_c,g5_l65_b;g1_l45_b,g1_l80_c;g2_l40_a,g2_l80_b;g2_l80_c,g2_l80_b;g1_l50_c,g1_l75_a;g3_l60_a,g3_l70_b;g3_l45_a,g3_l70_b;g2_l40_c,g2_l60_a;g1_l55_b,g1_l60_c;g1_l45_a,g1_l45_c;g3_l50_c,g3_l80_b;g2_l80_c,g2_l45_a;g2_l40_a,g2_l55_c;g3_l55_b,g3_l60_a;g4_l75_b,g4_l55_a;g1_l70_b,g1_l80_c;g4_l80_b,g4_l75_c;g3_l40_b,g3_l60_a;g5_l70_a,g5_l40_b;g5_l45_b,g5_l40_c;g4_l45_a,g4_l70_b;g2_l40_b,g2_l70_c;g5_l80_c,g5_l60_b;g3_l40_a,g3_l80_c;g1_l55_a,g1_l40_c;g2_l55_a,g2_l50_c;g4_l65_a,g4_l55_b;g4_l70_a,g4_l70_c;g1_l50_c,g1_l80_b;g5_l60_b,g5_l75_c;g3_l65_a,g3_l50_b;g4_l45_a,g4_l80_b;g4_l45_c,g4_l75_a;g3_l45_a,g3_l80_b;g4_l60_b,g4_l45_a;g5_l75_c,g5_l65_b;g5_l75_a,g5_l50_b;g5_l80_b,g5_l40_a;g1_l65_a,g1_l45_c;g4_l40_a,g4_l80_b;g5_l40_b,g5_l75_a;g2_l55_b,g2_l65_a;g1_l40_a,g1_l80_c;g3_l50_c,g3_l50_a;g2_l75_b,g2_l50_c;",10,5,2;2;2;2;2;2;2;2;1;2;2;1;1;2;1;2;1;2;1;2;2;2;1;2;1;1;1;1;2;2;1;2;2;2;1;1;1;1;1;2;2;2;2;1;1;,,0,3,6.481;3.451;3.688;5.879;4.009;4.811;3.609;8.362;7.514;3.066;2.826;2.65;3.005;4.402;2.766;2.266;3.093;2.428;5.711;5.334;7.232;2.559;2.36;2.183;2.836;2.168;2.233;2.196;2.616;2.391;4.503;3.46;3.892;2.33;2.563;21.145;3.647;1.962;1.749;2.171;2.113;2.968;2.002;2.423;2.053;,
2024-10-29 16:33:26,2024-10-29 16:53:05,0,51.14.144.236,100,1178,1,2024-10-29 16:53:05,R_8fB194U4FcIwLOV,,,,,50.11,-5.2808,anonymous,EN,5abc11e6e1099600016a3097,,,,,2,13.941,15.651,15.657,2,2,3.99,5.736,5.742,2,2,3.041,12.649,12.652,2,2,6.781,8.825,8.828,2,1,12.215,14.024,14.028,2,1,12.016,20.928,20.932,2,2,7.531,8.725,8.727,2,2,4.435,10.505,10.507,2,1,3.242,7.095,7.098,2,1,3.014,6.201,6.204,2,1,4.256,6.25,6.254,2,2,3.842,9.552,9.554,2,1,5.207,6.721,6.724,2,2,3.738,6.52,6.524,2,1,3.856,8.409,8.412,2,1,5.748,10.584,10.589,2,2,2.797,5.703,5.706,2,2,3.124,9.488,9.493,2,2,8.18,9.435,9.439,2,1,2.223,5.154,5.158,2,2,33.841,35.035,35.039,2,1,3.959,8.61,8.613,2,2,2.658,6.032,6.036,2,1,3.949,5.263,5.266,2,2,12.148,13.772,13.775,2,1,13.935,15.314,15.319,2,1,4.891,6.023,6.026,2,2,2.662,12.043,12.047,3,1,2.255,8.927,8.93,2,2,2.463,5.467,5.472,2,2,4.231,10.077,10.08,2,2,2.062,11.319,11.322,2,1,8.094,20.743,20.746,3,2,6.551,7.594,7.598,2,2,4.104,17.94,17.943,2,2,2.978,5.944,5.948,2,2,1.959,3.793,3.796,2,1,2.082,6.81,6.814,2,2,2.699,6.933,6.939,2,2,2.958,5.013,5.017,2,2,7.261,10.695,10.698,2,1,7.571,10.425,10.429,2,2,4,8.033,8.038,2,1,10.731,12.109,12.112,2,1,4.632,14.812,14.815,2,2,2.374,16.37,16.373,2,2,1.976,3.331,3.334,2,2,3.383,7.272,7.275,2,1,2.481,5.424,5.427,2,1,3.384,4.628,4.631,2,2,2,2,2,3,2,"I preferred the visuals that had more of the simple line drawings so that are easier to understand and see. ","g1_l80_a,g1_l45_b;g5_l75_a,g5_l80_b;g5_l50_b,g5_l80_c;g2_l80_b,g2_l80_c;g3_l80_a,g3_l75_c;g2_l75_b,g2_l40_c;g3_l45_b,g3_l80_c;g1_l45_a,g1_l75_b;g5_l80_a,g5_l70_c;g4_l60_a,g4_l75_b;g4_l40_a,g4_l40_c;g4_l40_b,g4_l80_c;g2_l55_a,g2_l60_b;g4_l50_a,g4_l55_b;g2_l50_a,g2_l80_b;g4_l45_c,g4_l80_a;g1_l65_c,g1_l45_b;g3_l60_a,g3_l70_b;g2_l45_a,g2_l65_c;g3_l55_a,g3_l55_c;g2_l50_a,g2_l65_b;g5_l55_c,g5_l55_b;g1_l70_a,g1_l45_b;g1_l40_a,g1_l80_b;g5_l45_c,g5_l60_a;g1_l80_b,g1_l75_a;g4_l50_c,g4_l80_a;g3_l40_b,g3_l80_c;g4_l55_c,g4_l65_b;g5_l75_b,g5_l40_a;g2_l40_b,g2_l80_c;g4_l50_c,g4_l70_b;g4_l75_b,g4_l50_a;g1_l45_c,g1_l45_a;g5_l50_a,g5_l70_c;g3_l45_a,g3_l65_b;g3_l60_b,g3_l45_c;g5_l45_b,g5_l70_c;g3_l45_b,g3_l75_a;g1_l50_a,g1_l60_b;g1_l70_b,g1_l55_a;g5_l80_b,g5_l40_c;g2_l80_a,g2_l55_b;g3_l75_b,g3_l50_a;g2_l50_c,g2_l40_a;",10,5,1;2;2;1;2;1;2;2;1;2;1;2;1;2;2;2;1;1;2;1;2;1;1;2;1;2;2;2;2;1;2;2;1;1;2;2;1;2;2;2;1;1;1;1;2;,,0,3,6.726;8.04;7.276;8.414;13.776;8.614;10.081;9.556;12.114;5.95;20.748;10.699;10.59;7.6;35.041;5.018;6.205;15.32;9.439;5.267;9.494;10.43;6.256;6.525;14.816;8.73;6.939;11.323;17.945;5.428;6.038;3.797;6.815;20.934;16.376;12.048;6.027;3.335;5.473;10.51;7.099;4.633;5.159;8.931;5.707;,
